{
  "string": [
    {
      "name": "module_desc",
      "value": "description"
    },
    {
      "name": "EntryAbility_desc",
      "value": "description"
    },
    {
      "name": "EntryAbility_label",
      "value": "ArkTSComponents"
    },
    {
      "name": "login_page",
      "value": "登录界面"
    },
    {
      "name": "app_name",
      "value": "小N笔记"
    },
    {
      "name": "register_page",
      "value": "注册账户"
    },
    {
      "name": "login_more",
      "value": "登录帐号以使用更多服务"
    },
    {
      "name": "account",
      "value": "帐号"
    },
    {
      "name": "password",
      "value": "密码"
    },
    {
      "name": "login",
      "value": "登录"
    },
    {
      "name": "register_account",
      "value": "注册帐号"
    },
    {
      "name": "back",
      "value": "返回主页"
    },
    {
      "name": "register",
      "value": "注册"
    },
    {
      "name": "forgot_password",
      "value": "忘记密码"
    },
    {
      "name": "other_login_method",
      "value": "其他登录方式"
    },
    {
      "name": "vertical_line",
      "value": "  |  "
    },
    {
      "name": "input_empty_tips",
      "value": "输入不能为空"
    },
    {
      "name": "login_success",
      "value": "登录成功"
    },
    {
      "name": "message",
      "value": "消息"
    },
    {
      "name": "my_goal",
      "value": "我的目标"
    },
    {
      "name": "favorites",
      "value": "收藏"
    },
    {
      "name": "push_notifications",
      "value": "推送通知"
    },
    {
      "name": "data_management",
      "value": "数据管理"
    },
    {
      "name": "menu_settings",
      "value": "菜单设置"
    },
    {
      "name": "about",
      "value": "关于"
    },
    {
      "name": "clear_cache",
      "value": "清除缓存"
    },
    {
      "name": "setting_account_name",
      "value": "李先生"
    },
    {
      "name": "setting_account_email",
      "value": "2000000@shenhua.cc"
    },
    {
      "name": "setting_button",
      "value": "退出登录"
    },
    {
      "name": "home_list",
      "value": "列表"
    },
    {
      "name": "setting_toggle",
      "value": "开关"
    }
  ]
}