{
  "color": [
    {
      "name": "start_window_background",
      "value": "#FFFFFF"
    },
    {
      "name": "white",
      "value": "#FFFFFF"
    },
    {
      "name": "background",
      "value": "#000000"
    },
    {
      "name": "textbar_background",
      "value": "#242424"
    },
    {
      "name": "title_text_color",
      "value": "#182431"
    },
    {
      "name": "login_more_text_color",
      "value": "#99182431"
    },
    {
      "name": "placeholder_color",
      "value": "#8E8E8E"
    },
    {
      "name": "remark_color",
      "value": "#8E8E8E"
    },
    {
      "name": "line_color",
      "value": "#33182431"
    },
    {
      "name": "login_button_color",
      "value": "#007DFF"
    },
    {
      "name": "login_blue_text_color",
      "value": "#007DFF"
    },
    {
      "name": "other_login_text_color",
      "value": "#838D97"
    },
    {
      "name": "loading_color",
      "value": "#182431"
    },
    {
      "name": "mainPage_selected",
      "value": "#1698CE"
    },
    {
      "name": "mainPage_normal",
      "value": "#6B6B6B"
    },
    {
      "name": "mainPage_backgroundColor",
      "value": "#F1F3F5"
    },
    {
      "name": "home_grid_fontColor",
      "value": "#99182431"
    },
    {
      "name": "setting_button_backgroundColor",
      "value": "#E5E8EA"
    },
    {
      "name": "setting_button_fontColor",
      "value": "#FA2A2D"
    }
  ]
}