{
  "string": [
    {
      "name": "module_desc",
      "value": "description"
    },
    {
      "name": "EntryAbility_desc",
      "value": "description"
    },
    {
      "name": "EntryAbility_label",
      "value": "ArkTSComponents"
    },
    {
      "name": "login_page",
      "value": "Login page"
    },
    {
      "name": "login_more",
      "value": "Log in to your account to use more services"
    },
    {
      "name": "account",
      "value": "Account"
    },
    {
      "name": "password",
      "value": "Password"
    },
    {
      "name": "login",
      "value": "Log in"
    },
    {
      "name": "register_account",
      "value": "Registering an Account"
    },
    {
      "name": "forgot_password",
      "value": "Forgot Password"
    },
    {
      "name": "other_login_method",
      "value": "Other login methods"
    },
    {
      "name": "vertical_line",
      "value": "  |  "
    },
    {
      "name": "input_empty_tips",
      "value": "The input cannot be empty."
    },
    {
      "name": "login_success",
      "value": "The login is successful."
    },
    {
      "name": "message",
      "value": "Message"
    },
    {
      "name": "my_goal",
      "value": "My goal"
    },
    {
      "name": "favorites",
      "value": "Favorites"
    },
    {
      "name": "push_notifications",
      "value": "Push Notifications"
    },
    {
      "name": "data_management",
      "value": "Data Management"
    },
    {
      "name": "menu_settings",
      "value": "Menu Settings"
    },
    {
      "name": "about",
      "value": "About"
    },
    {
      "name": "clear_cache",
      "value": "Clear Cache"
    },
    {
      "name": "setting_account_name",
      "value": "Mr. Lee"
    },
    {
      "name": "setting_account_email",
      "value": "2000000@shenhua.cc"
    },
    {
      "name": "setting_button",
      "value": "Logout"
    },
    {
      "name": "home_list",
      "value": "List"
    },
    {
      "name": "setting_toggle",
      "value": "switch"
    },
    {
      "name": "app_name",
      "value": "Notebook"
    },
    {
      "name": "register_page",
      "value": "Register page"
    },
    {
      "name": "register",
      "value": "Register"
    },
    {
      "name": "back",
      "value": "Back"
    }
  ]
}