{"C:\\Users\\IceyFox\\Desktop\\Harmony\\ArkTSComponents\\AppScope\\app.json5":{"hashValue":"40cefd7b3927b7093912b25e19d0de6d","name":"app.json5","path":"C:\\Users\\IceyFox\\Desktop\\Harmony\\ArkTSComponents\\AppScope\\app.json5","type":"file","isSymbolicLink":false,"fileMetaData":{"size":216,"lastModifiedTime":1692160966000}},"C:\\Users\\IceyFox\\Desktop\\Harmony\\ArkTSComponents\\entry\\src\\main\\module.json5":{"hashValue":"1745519a4528d1cbb410a18d5dad5d81","name":"module.json5","path":"C:\\Users\\IceyFox\\Desktop\\Harmony\\ArkTSComponents\\entry\\src\\main\\module.json5","type":"file","isSymbolicLink":false,"fileMetaData":{"size":917,"lastModifiedTime":1692284414000}},"C:\\Users\\IceyFox\\Desktop\\Harmony\\ArkTSComponents\\entry\\build\\default\\intermediates\\hap_metadata\\default\\output_metadata.json":{"hashValue":"e1f3dc1e6a187ddecd0cd76a46151498","name":"output_metadata.json","path":"C:\\Users\\IceyFox\\Desktop\\Harmony\\ArkTSComponents\\entry\\build\\default\\intermediates\\hap_metadata\\default\\output_metadata.json","type":"file","isSymbolicLink":false,"fileMetaData":{"size":84,"lastModifiedTime":1718118913770}},"C:\\Users\\IceyFox\\Desktop\\Harmony\\ArkTSComponents\\entry\\build\\default\\intermediates\\merge_profile\\default\\module.json":{"hashValue":"e7fb46c85e8210c3702da34e528022dc","name":"module.json","path":"C:\\Users\\IceyFox\\Desktop\\Harmony\\ArkTSComponents\\entry\\build\\default\\intermediates\\merge_profile\\default\\module.json","type":"file","isSymbolicLink":false,"fileMetaData":{"size":1046,"lastModifiedTime":1718932094040}},"C:\\Users\\IceyFox\\Desktop\\Harmony\\ArkTSComponents\\entry\\build\\default\\intermediates\\loader\\default\\loader.json":{"hashValue":"7ef78aa81c61dde248128364c5a29700","name":"loader.json","path":"C:\\Users\\IceyFox\\Desktop\\Harmony\\ArkTSComponents\\entry\\build\\default\\intermediates\\loader\\default\\loader.json","type":"file","isSymbolicLink":false,"fileMetaData":{"size":405,"lastModifiedTime":1718932094051}},"C:\\Users\\IceyFox\\Desktop\\Harmony\\ArkTSComponents\\entry\\build\\default\\outputs\\default\\pack.info":{"hashValue":"ab9c78d3f03116fe6f7a94b3bc24bd7f","name":"pack.info","path":"C:\\Users\\IceyFox\\Desktop\\Harmony\\ArkTSComponents\\entry\\build\\default\\outputs\\default\\pack.info","type":"file","isSymbolicLink":false,"fileMetaData":{"size":521,"lastModifiedTime":1718118913791}},"C:\\Users\\IceyFox\\Desktop\\Harmony\\ArkTSComponents\\entry\\build\\default\\intermediates\\process_profile\\default\\module.json":{"hashValue":"f548468bccba462877f413f4412f0c95","name":"module.json","path":"C:\\Users\\IceyFox\\Desktop\\Harmony\\ArkTSComponents\\entry\\build\\default\\intermediates\\process_profile\\default\\module.json","type":"file","isSymbolicLink":false,"fileMetaData":{"size":1131,"lastModifiedTime":1718932094282}},"C:\\Users\\IceyFox\\Desktop\\Harmony\\ArkTSComponents\\entry\\build\\default\\intermediates\\res\\default\\resConfig.json":{"hashValue":"ab8721c23ede42bf889b985ccce0423f","name":"resConfig.json","path":"C:\\Users\\IceyFox\\Desktop\\Harmony\\ArkTSComponents\\entry\\build\\default\\intermediates\\res\\default\\resConfig.json","type":"file","isSymbolicLink":false,"fileMetaData":{"size":684,"lastModifiedTime":1718118914062}},"C:\\Users\\IceyFox\\Desktop\\Harmony\\ArkTSComponents\\entry\\build\\default\\intermediates\\libs\\default":{"hashValue":"","name":"default","path":"C:\\Users\\IceyFox\\Desktop\\Harmony\\ArkTSComponents\\entry\\build\\default\\intermediates\\libs\\default","type":"directory","isSymbolicLink":false,"children":[]},"C:\\Users\\IceyFox\\Desktop\\Harmony\\ArkTSComponents\\entry\\src\\main\\resources":{"hashValue":"699e193e6a2a451720f3ea4278e5202e","name":"resources","path":"C:\\Users\\IceyFox\\Desktop\\Harmony\\ArkTSComponents\\entry\\src\\main\\resources","type":"directory","isSymbolicLink":false,"children":[{"hashValue":"4fbb6c0c616570b46da4ff71f0a2bbf8","name":"base","path":"C:\\Users\\IceyFox\\Desktop\\Harmony\\ArkTSComponents\\entry\\src\\main\\resources\\base","type":"directory","isSymbolicLink":false,"children":[{"hashValue":"e2d20ad33f884510b95d0fad2b20a5b2","name":"element","path":"C:\\Users\\IceyFox\\Desktop\\Harmony\\ArkTSComponents\\entry\\src\\main\\resources\\base\\element","type":"directory","isSymbolicLink":false,"children":[{"hashValue":"c6b92f79e9e98730103314635540eed7","name":"color.json","path":"C:\\Users\\IceyFox\\Desktop\\Harmony\\ArkTSComponents\\entry\\src\\main\\resources\\base\\element\\color.json","type":"file","isSymbolicLink":false,"fileMetaData":{"size":1503,"lastModifiedTime":1718471767526}},{"hashValue":"d13032317b7f6723218022e7a17538cb","name":"float.json","path":"C:\\Users\\IceyFox\\Desktop\\Harmony\\ArkTSComponents\\entry\\src\\main\\resources\\base\\element\\float.json","type":"file","isSymbolicLink":false,"fileMetaData":{"size":5566,"lastModifiedTime":1692160966000}},{"hashValue":"496c2b98c50543edc46c82d67cbbceda","name":"string.json","path":"C:\\Users\\IceyFox\\Desktop\\Harmony\\ArkTSComponents\\entry\\src\\main\\resources\\base\\element\\string.json","type":"file","isSymbolicLink":false,"fileMetaData":{"size":4748,"lastModifiedTime":1718178579592}}]},{"hashValue":"fb3ed6372cecc5ef54b73292209bbb1d","name":"media","path":"C:\\Users\\IceyFox\\Desktop\\Harmony\\ArkTSComponents\\entry\\src\\main\\resources\\base\\media","type":"directory","isSymbolicLink":false,"children":[{"hashValue":"943332c331f0699f4d9a66f2aee0dd2f","name":"about.png","path":"C:\\Users\\IceyFox\\Desktop\\Harmony\\ArkTSComponents\\entry\\src\\main\\resources\\base\\media\\about.png","type":"file","isSymbolicLink":false,"fileMetaData":{"size":3120,"lastModifiedTime":1692160966000}},{"hashValue":"ba91b4a755af98951b78af3be7b5ae5c","name":"account.png","path":"C:\\Users\\IceyFox\\Desktop\\Harmony\\ArkTSComponents\\entry\\src\\main\\resources\\base\\media\\account.png","type":"file","isSymbolicLink":false,"fileMetaData":{"size":8393,"lastModifiedTime":1692160966000}},{"hashValue":"acb49b8a8c081975d42c0fb28c0cc244","name":"arrow.png","path":"C:\\Users\\IceyFox\\Desktop\\Harmony\\ArkTSComponents\\entry\\src\\main\\resources\\base\\media\\arrow.png","type":"file","isSymbolicLink":false,"fileMetaData":{"size":3589,"lastModifiedTime":1692160966000}},{"hashValue":"fb04f0cf37805745670984802fb976f3","name":"brand.png","path":"C:\\Users\\IceyFox\\Desktop\\Harmony\\ArkTSComponents\\entry\\src\\main\\resources\\base\\media\\brand.png","type":"file","isSymbolicLink":false,"fileMetaData":{"size":315020,"lastModifiedTime":1692160966000}},{"hashValue":"69ff486a47011d328b029667f9843c80","name":"cancel.png","path":"C:\\Users\\IceyFox\\Desktop\\Harmony\\ArkTSComponents\\entry\\src\\main\\resources\\base\\media\\cancel.png","type":"file","isSymbolicLink":false,"fileMetaData":{"size":4568,"lastModifiedTime":1718476579020}},{"hashValue":"59006343f193b0051c0fb727223a94f8","name":"circle.png","path":"C:\\Users\\IceyFox\\Desktop\\Harmony\\ArkTSComponents\\entry\\src\\main\\resources\\base\\media\\circle.png","type":"file","isSymbolicLink":false,"fileMetaData":{"size":3535,"lastModifiedTime":1692160966000}},{"hashValue":"a2f19fcf00184a285d1ae3d2cc19ae19","name":"data.png","path":"C:\\Users\\IceyFox\\Desktop\\Harmony\\ArkTSComponents\\entry\\src\\main\\resources\\base\\media\\data.png","type":"file","isSymbolicLink":false,"fileMetaData":{"size":1793,"lastModifiedTime":1692160966000}},{"hashValue":"599e6ec90d93c3c28cb202d3a42fd901","name":"discover_normal.png","path":"C:\\Users\\IceyFox\\Desktop\\Harmony\\ArkTSComponents\\entry\\src\\main\\resources\\base\\media\\discover_normal.png","type":"file","isSymbolicLink":false,"fileMetaData":{"size":7030,"lastModifiedTime":1692160966000}},{"hashValue":"e8e51e507bfc309b3041cb4194e2d235","name":"discover_selected.png","path":"C:\\Users\\IceyFox\\Desktop\\Harmony\\ArkTSComponents\\entry\\src\\main\\resources\\base\\media\\discover_selected.png","type":"file","isSymbolicLink":false,"fileMetaData":{"size":9608,"lastModifiedTime":1692160966000}},{"hashValue":"180fccf1c9ce745b319e55c8cfb09128","name":"favorite.png","path":"C:\\Users\\IceyFox\\Desktop\\Harmony\\ArkTSComponents\\entry\\src\\main\\resources\\base\\media\\favorite.png","type":"file","isSymbolicLink":false,"fileMetaData":{"size":3297,"lastModifiedTime":1692160966000}},{"hashValue":"9da5deef3c65fe908b4e32cdebe4e480","name":"fig1.png","path":"C:\\Users\\IceyFox\\Desktop\\Harmony\\ArkTSComponents\\entry\\src\\main\\resources\\base\\media\\fig1.png","type":"file","isSymbolicLink":false,"fileMetaData":{"size":1247908,"lastModifiedTime":1692160966000}},{"hashValue":"15cf31bc66f0ef49701f95bdb4338a10","name":"fig2.png","path":"C:\\Users\\IceyFox\\Desktop\\Harmony\\ArkTSComponents\\entry\\src\\main\\resources\\base\\media\\fig2.png","type":"file","isSymbolicLink":false,"fileMetaData":{"size":1211524,"lastModifiedTime":1692160966000}},{"hashValue":"5a54f6d0d1b3c68846f3c81893c4f99f","name":"fig3.png","path":"C:\\Users\\IceyFox\\Desktop\\Harmony\\ArkTSComponents\\entry\\src\\main\\resources\\base\\media\\fig3.png","type":"file","isSymbolicLink":false,"fileMetaData":{"size":779906,"lastModifiedTime":1692160966000}},{"hashValue":"17feae00b4175f9f6acae853f3b73fa0","name":"fig4.png","path":"C:\\Users\\IceyFox\\Desktop\\Harmony\\ArkTSComponents\\entry\\src\\main\\resources\\base\\media\\fig4.png","type":"file","isSymbolicLink":false,"fileMetaData":{"size":1092785,"lastModifiedTime":1692160966000}},{"hashValue":"7fdd6b672faf481949a9a07fe9a25616","name":"found.png","path":"C:\\Users\\IceyFox\\Desktop\\Harmony\\ArkTSComponents\\entry\\src\\main\\resources\\base\\media\\found.png","type":"file","isSymbolicLink":false,"fileMetaData":{"size":153816,"lastModifiedTime":1692160966000}},{"hashValue":"e8893e4bde1108418e3a388a90c837a4","name":"home_normal.png","path":"C:\\Users\\IceyFox\\Desktop\\Harmony\\ArkTSComponents\\entry\\src\\main\\resources\\base\\media\\home_normal.png","type":"file","isSymbolicLink":false,"fileMetaData":{"size":3470,"lastModifiedTime":1692160966000}},{"hashValue":"d2ddff908ba69f6166f38461b2a0de3f","name":"home_selected.png","path":"C:\\Users\\IceyFox\\Desktop\\Harmony\\ArkTSComponents\\entry\\src\\main\\resources\\base\\media\\home_selected.png","type":"file","isSymbolicLink":false,"fileMetaData":{"size":3074,"lastModifiedTime":1692160966000}},{"hashValue":"61bf53abd92f2fd943eef4dcf6181fa6","name":"icon.png","path":"C:\\Users\\IceyFox\\Desktop\\Harmony\\ArkTSComponents\\entry\\src\\main\\resources\\base\\media\\icon.png","type":"file","isSymbolicLink":false,"fileMetaData":{"size":363627,"lastModifiedTime":1718158314922}},{"hashValue":"3b567f2c4c618f289b3725a2bad12b2c","name":"login_method1.png","path":"C:\\Users\\IceyFox\\Desktop\\Harmony\\ArkTSComponents\\entry\\src\\main\\resources\\base\\media\\login_method1.png","type":"file","isSymbolicLink":false,"fileMetaData":{"size":12179,"lastModifiedTime":1692160966000}},{"hashValue":"977626e178a388d0cd45fe03192f138c","name":"login_method2.png","path":"C:\\Users\\IceyFox\\Desktop\\Harmony\\ArkTSComponents\\entry\\src\\main\\resources\\base\\media\\login_method2.png","type":"file","isSymbolicLink":false,"fileMetaData":{"size":12271,"lastModifiedTime":1692160966000}},{"hashValue":"e30ab1ae9d99bdbb98552481f494197d","name":"login_method3.png","path":"C:\\Users\\IceyFox\\Desktop\\Harmony\\ArkTSComponents\\entry\\src\\main\\resources\\base\\media\\login_method3.png","type":"file","isSymbolicLink":false,"fileMetaData":{"size":12304,"lastModifiedTime":1692160966000}},{"hashValue":"de527cf2df04a7660da8121c90ff8136","name":"logo.png","path":"C:\\Users\\IceyFox\\Desktop\\Harmony\\ArkTSComponents\\entry\\src\\main\\resources\\base\\media\\logo.png","type":"file","isSymbolicLink":false,"fileMetaData":{"size":363627,"lastModifiedTime":1718158314922}},{"hashValue":"97d75fa8ec9c461beb419f344b5ea465","name":"love.png","path":"C:\\Users\\IceyFox\\Desktop\\Harmony\\ArkTSComponents\\entry\\src\\main\\resources\\base\\media\\love.png","type":"file","isSymbolicLink":false,"fileMetaData":{"size":2977,"lastModifiedTime":1692160966000}},{"hashValue":"81d7bffc7f294658e5205f1b973f7a92","name":"menu.png","path":"C:\\Users\\IceyFox\\Desktop\\Harmony\\ArkTSComponents\\entry\\src\\main\\resources\\base\\media\\menu.png","type":"file","isSymbolicLink":false,"fileMetaData":{"size":4006,"lastModifiedTime":1692160966000}},{"hashValue":"c01b46d1c69868f50e3694eab4d4848f","name":"message.png","path":"C:\\Users\\IceyFox\\Desktop\\Harmony\\ArkTSComponents\\entry\\src\\main\\resources\\base\\media\\message.png","type":"file","isSymbolicLink":false,"fileMetaData":{"size":2836,"lastModifiedTime":1692160966000}},{"hashValue":"6e36e1696de93f9872aeb2667a213e9c","name":"mine_normal.png","path":"C:\\Users\\IceyFox\\Desktop\\Harmony\\ArkTSComponents\\entry\\src\\main\\resources\\base\\media\\mine_normal.png","type":"file","isSymbolicLink":false,"fileMetaData":{"size":3725,"lastModifiedTime":1692160966000}},{"hashValue":"c21c278c17b24afb3ee2ea5a62e89b34","name":"mine_selected.png","path":"C:\\Users\\IceyFox\\Desktop\\Harmony\\ArkTSComponents\\entry\\src\\main\\resources\\base\\media\\mine_selected.png","type":"file","isSymbolicLink":false,"fileMetaData":{"size":3449,"lastModifiedTime":1692160966000}},{"hashValue":"0b552f45f3404d3f0c61bef84d21c113","name":"new.png","path":"C:\\Users\\IceyFox\\Desktop\\Harmony\\ArkTSComponents\\entry\\src\\main\\resources\\base\\media\\new.png","type":"file","isSymbolicLink":false,"fileMetaData":{"size":283064,"lastModifiedTime":1692160966000}},{"hashValue":"6ff6e2902b75cffda1e47a5807f2f558","name":"news.png","path":"C:\\Users\\IceyFox\\Desktop\\Harmony\\ArkTSComponents\\entry\\src\\main\\resources\\base\\media\\news.png","type":"file","isSymbolicLink":false,"fileMetaData":{"size":3630,"lastModifiedTime":1692160966000}},{"hashValue":"ba575eccf55028b90b41fda372bdb103","name":"plus.png","path":"C:\\Users\\IceyFox\\Desktop\\Harmony\\ArkTSComponents\\entry\\src\\main\\resources\\base\\media\\plus.png","type":"file","isSymbolicLink":false,"fileMetaData":{"size":2369,"lastModifiedTime":1718462424871}},{"hashValue":"fe9a38f0003a52959651ba7ba89cdcd9","name":"privacy.png","path":"C:\\Users\\IceyFox\\Desktop\\Harmony\\ArkTSComponents\\entry\\src\\main\\resources\\base\\media\\privacy.png","type":"file","isSymbolicLink":false,"fileMetaData":{"size":3400,"lastModifiedTime":1692160966000}},{"hashValue":"e0c50c2e5288eec5d6c24e6307076f72","name":"record.png","path":"C:\\Users\\IceyFox\\Desktop\\Harmony\\ArkTSComponents\\entry\\src\\main\\resources\\base\\media\\record.png","type":"file","isSymbolicLink":false,"fileMetaData":{"size":2465,"lastModifiedTime":1692160966000}},{"hashValue":"90eb14148a7ceec61a8e74cb3e8847b1","name":"recycle.png","path":"C:\\Users\\IceyFox\\Desktop\\Harmony\\ArkTSComponents\\entry\\src\\main\\resources\\base\\media\\recycle.png","type":"file","isSymbolicLink":false,"fileMetaData":{"size":1867,"lastModifiedTime":1692160966000}},{"hashValue":"1f413d3f4614325f723cc7502f84e532","name":"right_grey.png","path":"C:\\Users\\IceyFox\\Desktop\\Harmony\\ArkTSComponents\\entry\\src\\main\\resources\\base\\media\\right_grey.png","type":"file","isSymbolicLink":false,"fileMetaData":{"size":619,"lastModifiedTime":1692160966000}},{"hashValue":"1b7254983ec0cc67c79ec86395ae097a","name":"search.png","path":"C:\\Users\\IceyFox\\Desktop\\Harmony\\ArkTSComponents\\entry\\src\\main\\resources\\base\\media\\search.png","type":"file","isSymbolicLink":false,"fileMetaData":{"size":6831,"lastModifiedTime":1718474031178}},{"hashValue":"ff8ecb069e3cd4e59fa788d20a7a722a","name":"shopping.png","path":"C:\\Users\\IceyFox\\Desktop\\Harmony\\ArkTSComponents\\entry\\src\\main\\resources\\base\\media\\shopping.png","type":"file","isSymbolicLink":false,"fileMetaData":{"size":2858,"lastModifiedTime":1692160966000}},{"hashValue":"a6118d1c8ebf97a9a8bd22b2b4658597","name":"storage.png","path":"C:\\Users\\IceyFox\\Desktop\\Harmony\\ArkTSComponents\\entry\\src\\main\\resources\\base\\media\\storage.png","type":"file","isSymbolicLink":false,"fileMetaData":{"size":2976,"lastModifiedTime":1692160966000}},{"hashValue":"2c0aa38fc197d36507b81de880ea9d76","name":"target.png","path":"C:\\Users\\IceyFox\\Desktop\\Harmony\\ArkTSComponents\\entry\\src\\main\\resources\\base\\media\\target.png","type":"file","isSymbolicLink":false,"fileMetaData":{"size":1723,"lastModifiedTime":1692160966000}},{"hashValue":"3b129ae9fc7ddb4fd9d12a2cfdc13e38","name":"top.png","path":"C:\\Users\\IceyFox\\Desktop\\Harmony\\ArkTSComponents\\entry\\src\\main\\resources\\base\\media\\top.png","type":"file","isSymbolicLink":false,"fileMetaData":{"size":348708,"lastModifiedTime":1692160966000}}]},{"hashValue":"0fd7f3c3c96f7c812caa87f711bf54f0","name":"profile","path":"C:\\Users\\IceyFox\\Desktop\\Harmony\\ArkTSComponents\\entry\\src\\main\\resources\\base\\profile","type":"directory","isSymbolicLink":false,"children":[{"hashValue":"9628a835f9cee80785f97cbb40188f86","name":"main_pages.json","path":"C:\\Users\\IceyFox\\Desktop\\Harmony\\ArkTSComponents\\entry\\src\\main\\resources\\base\\profile\\main_pages.json","type":"file","isSymbolicLink":false,"fileMetaData":{"size":113,"lastModifiedTime":1718521377083}}]}]},{"hashValue":"0d4868063aedcb6b1ee20d4484c33df8","name":"en_US","path":"C:\\Users\\IceyFox\\Desktop\\Harmony\\ArkTSComponents\\entry\\src\\main\\resources\\en_US","type":"directory","isSymbolicLink":false,"children":[{"hashValue":"5b51b6c63bdbc5df64683b3c833790b3","name":"element","path":"C:\\Users\\IceyFox\\Desktop\\Harmony\\ArkTSComponents\\entry\\src\\main\\resources\\en_US\\element","type":"directory","isSymbolicLink":false,"children":[{"hashValue":"95f285fe31a122d8ca7b323e239b9ac0","name":"string.json","path":"C:\\Users\\IceyFox\\Desktop\\Harmony\\ArkTSComponents\\entry\\src\\main\\resources\\en_US\\element\\string.json","type":"file","isSymbolicLink":false,"fileMetaData":{"size":4748,"lastModifiedTime":1718178591323}}]}]},{"hashValue":"5ca8584197b91de6f0d52a79d2e46ba1","name":"zh_CN","path":"C:\\Users\\IceyFox\\Desktop\\Harmony\\ArkTSComponents\\entry\\src\\main\\resources\\zh_CN","type":"directory","isSymbolicLink":false,"children":[{"hashValue":"1102e52177ac0da337161d0e9af853e0","name":"element","path":"C:\\Users\\IceyFox\\Desktop\\Harmony\\ArkTSComponents\\entry\\src\\main\\resources\\zh_CN\\element","type":"directory","isSymbolicLink":false,"children":[{"hashValue":"eb045f2a64be82b4a74a9290d797b6a4","name":"string.json","path":"C:\\Users\\IceyFox\\Desktop\\Harmony\\ArkTSComponents\\entry\\src\\main\\resources\\zh_CN\\element\\string.json","type":"file","isSymbolicLink":false,"fileMetaData":{"size":4668,"lastModifiedTime":1718178561090}}]}]}]},"C:\\Users\\IceyFox\\Desktop\\Harmony\\ArkTSComponents\\AppScope\\resources":{"hashValue":"4c51b07544c3ad49a923a28e227cd6d8","name":"resources","path":"C:\\Users\\IceyFox\\Desktop\\Harmony\\ArkTSComponents\\AppScope\\resources","type":"directory","isSymbolicLink":false,"children":[{"hashValue":"cc7176cdb54577c1329066d3928d8af9","name":"base","path":"C:\\Users\\IceyFox\\Desktop\\Harmony\\ArkTSComponents\\AppScope\\resources\\base","type":"directory","isSymbolicLink":false,"children":[{"hashValue":"e47ea359296cad7a18c551cb50efb65a","name":"element","path":"C:\\Users\\IceyFox\\Desktop\\Harmony\\ArkTSComponents\\AppScope\\resources\\base\\element","type":"directory","isSymbolicLink":false,"children":[{"hashValue":"cb94683dbaff9c047241f367dcb061fe","name":"string.json","path":"C:\\Users\\IceyFox\\Desktop\\Harmony\\ArkTSComponents\\AppScope\\resources\\base\\element\\string.json","type":"file","isSymbolicLink":false,"fileMetaData":{"size":101,"lastModifiedTime":1692160966000}}]},{"hashValue":"ef6a9951d59a7ff6c32e31fb06ee8483","name":"media","path":"C:\\Users\\IceyFox\\Desktop\\Harmony\\ArkTSComponents\\AppScope\\resources\\base\\media","type":"directory","isSymbolicLink":false,"children":[{"hashValue":"f514cf3693b9b8ec5e6086dcb698a2a5","name":"app_icon.png","path":"C:\\Users\\IceyFox\\Desktop\\Harmony\\ArkTSComponents\\AppScope\\resources\\base\\media\\app_icon.png","type":"file","isSymbolicLink":false,"fileMetaData":{"size":6790,"lastModifiedTime":1692160966000}}]}]}]},"C:\\Users\\IceyFox\\Desktop\\Harmony\\ArkTSComponents\\entry\\build\\default\\intermediates\\res\\default":{"hashValue":"ad7c6460b43ecdb7cff439f9987b0520","name":"default","path":"C:\\Users\\IceyFox\\Desktop\\Harmony\\ArkTSComponents\\entry\\build\\default\\intermediates\\res\\default","type":"directory","isSymbolicLink":false,"children":[{"hashValue":"80f36df95ae09ca41a990531c662b4e1","name":"module.json","path":"C:\\Users\\IceyFox\\Desktop\\Harmony\\ArkTSComponents\\entry\\build\\default\\intermediates\\res\\default\\module.json","type":"file","isSymbolicLink":false,"fileMetaData":{"size":2023,"lastModifiedTime":1718932094599}},{"hashValue":"ab8721c23ede42bf889b985ccce0423f","name":"resConfig.json","path":"C:\\Users\\IceyFox\\Desktop\\Harmony\\ArkTSComponents\\entry\\build\\default\\intermediates\\res\\default\\resConfig.json","type":"file","isSymbolicLink":false,"fileMetaData":{"size":684,"lastModifiedTime":1718118914062}},{"hashValue":"89def2ce97fb2139519828ae8c83fb9a","name":"resources","path":"C:\\Users\\IceyFox\\Desktop\\Harmony\\ArkTSComponents\\entry\\build\\default\\intermediates\\res\\default\\resources","type":"directory","isSymbolicLink":false,"children":[{"hashValue":"36301753598d3f31813c7e22c42c0744","name":"base","path":"C:\\Users\\IceyFox\\Desktop\\Harmony\\ArkTSComponents\\entry\\build\\default\\intermediates\\res\\default\\resources\\base","type":"directory","isSymbolicLink":false,"children":[{"hashValue":"1b6041dc494cb4f394440be827109f36","name":"media","path":"C:\\Users\\IceyFox\\Desktop\\Harmony\\ArkTSComponents\\entry\\build\\default\\intermediates\\res\\default\\resources\\base\\media","type":"directory","isSymbolicLink":false,"children":[{"hashValue":"943332c331f0699f4d9a66f2aee0dd2f","name":"about.png","path":"C:\\Users\\IceyFox\\Desktop\\Harmony\\ArkTSComponents\\entry\\build\\default\\intermediates\\res\\default\\resources\\base\\media\\about.png","type":"file","isSymbolicLink":false,"fileMetaData":{"size":3120,"lastModifiedTime":1692160966000}},{"hashValue":"ba91b4a755af98951b78af3be7b5ae5c","name":"account.png","path":"C:\\Users\\IceyFox\\Desktop\\Harmony\\ArkTSComponents\\entry\\build\\default\\intermediates\\res\\default\\resources\\base\\media\\account.png","type":"file","isSymbolicLink":false,"fileMetaData":{"size":8393,"lastModifiedTime":1692160966000}},{"hashValue":"f514cf3693b9b8ec5e6086dcb698a2a5","name":"app_icon.png","path":"C:\\Users\\IceyFox\\Desktop\\Harmony\\ArkTSComponents\\entry\\build\\default\\intermediates\\res\\default\\resources\\base\\media\\app_icon.png","type":"file","isSymbolicLink":false,"fileMetaData":{"size":6790,"lastModifiedTime":1692160966000}},{"hashValue":"acb49b8a8c081975d42c0fb28c0cc244","name":"arrow.png","path":"C:\\Users\\IceyFox\\Desktop\\Harmony\\ArkTSComponents\\entry\\build\\default\\intermediates\\res\\default\\resources\\base\\media\\arrow.png","type":"file","isSymbolicLink":false,"fileMetaData":{"size":3589,"lastModifiedTime":1692160966000}},{"hashValue":"fb04f0cf37805745670984802fb976f3","name":"brand.png","path":"C:\\Users\\IceyFox\\Desktop\\Harmony\\ArkTSComponents\\entry\\build\\default\\intermediates\\res\\default\\resources\\base\\media\\brand.png","type":"file","isSymbolicLink":false,"fileMetaData":{"size":315020,"lastModifiedTime":1692160966000}},{"hashValue":"69ff486a47011d328b029667f9843c80","name":"cancel.png","path":"C:\\Users\\IceyFox\\Desktop\\Harmony\\ArkTSComponents\\entry\\build\\default\\intermediates\\res\\default\\resources\\base\\media\\cancel.png","type":"file","isSymbolicLink":false,"fileMetaData":{"size":4568,"lastModifiedTime":1718476579020}},{"hashValue":"59006343f193b0051c0fb727223a94f8","name":"circle.png","path":"C:\\Users\\IceyFox\\Desktop\\Harmony\\ArkTSComponents\\entry\\build\\default\\intermediates\\res\\default\\resources\\base\\media\\circle.png","type":"file","isSymbolicLink":false,"fileMetaData":{"size":3535,"lastModifiedTime":1692160966000}},{"hashValue":"a2f19fcf00184a285d1ae3d2cc19ae19","name":"data.png","path":"C:\\Users\\IceyFox\\Desktop\\Harmony\\ArkTSComponents\\entry\\build\\default\\intermediates\\res\\default\\resources\\base\\media\\data.png","type":"file","isSymbolicLink":false,"fileMetaData":{"size":1793,"lastModifiedTime":1692160966000}},{"hashValue":"599e6ec90d93c3c28cb202d3a42fd901","name":"discover_normal.png","path":"C:\\Users\\IceyFox\\Desktop\\Harmony\\ArkTSComponents\\entry\\build\\default\\intermediates\\res\\default\\resources\\base\\media\\discover_normal.png","type":"file","isSymbolicLink":false,"fileMetaData":{"size":7030,"lastModifiedTime":1692160966000}},{"hashValue":"e8e51e507bfc309b3041cb4194e2d235","name":"discover_selected.png","path":"C:\\Users\\IceyFox\\Desktop\\Harmony\\ArkTSComponents\\entry\\build\\default\\intermediates\\res\\default\\resources\\base\\media\\discover_selected.png","type":"file","isSymbolicLink":false,"fileMetaData":{"size":9608,"lastModifiedTime":1692160966000}},{"hashValue":"180fccf1c9ce745b319e55c8cfb09128","name":"favorite.png","path":"C:\\Users\\IceyFox\\Desktop\\Harmony\\ArkTSComponents\\entry\\build\\default\\intermediates\\res\\default\\resources\\base\\media\\favorite.png","type":"file","isSymbolicLink":false,"fileMetaData":{"size":3297,"lastModifiedTime":1692160966000}},{"hashValue":"9da5deef3c65fe908b4e32cdebe4e480","name":"fig1.png","path":"C:\\Users\\IceyFox\\Desktop\\Harmony\\ArkTSComponents\\entry\\build\\default\\intermediates\\res\\default\\resources\\base\\media\\fig1.png","type":"file","isSymbolicLink":false,"fileMetaData":{"size":1247908,"lastModifiedTime":1692160966000}},{"hashValue":"15cf31bc66f0ef49701f95bdb4338a10","name":"fig2.png","path":"C:\\Users\\IceyFox\\Desktop\\Harmony\\ArkTSComponents\\entry\\build\\default\\intermediates\\res\\default\\resources\\base\\media\\fig2.png","type":"file","isSymbolicLink":false,"fileMetaData":{"size":1211524,"lastModifiedTime":1692160966000}},{"hashValue":"5a54f6d0d1b3c68846f3c81893c4f99f","name":"fig3.png","path":"C:\\Users\\IceyFox\\Desktop\\Harmony\\ArkTSComponents\\entry\\build\\default\\intermediates\\res\\default\\resources\\base\\media\\fig3.png","type":"file","isSymbolicLink":false,"fileMetaData":{"size":779906,"lastModifiedTime":1692160966000}},{"hashValue":"17feae00b4175f9f6acae853f3b73fa0","name":"fig4.png","path":"C:\\Users\\IceyFox\\Desktop\\Harmony\\ArkTSComponents\\entry\\build\\default\\intermediates\\res\\default\\resources\\base\\media\\fig4.png","type":"file","isSymbolicLink":false,"fileMetaData":{"size":1092785,"lastModifiedTime":1692160966000}},{"hashValue":"7fdd6b672faf481949a9a07fe9a25616","name":"found.png","path":"C:\\Users\\IceyFox\\Desktop\\Harmony\\ArkTSComponents\\entry\\build\\default\\intermediates\\res\\default\\resources\\base\\media\\found.png","type":"file","isSymbolicLink":false,"fileMetaData":{"size":153816,"lastModifiedTime":1692160966000}},{"hashValue":"e8893e4bde1108418e3a388a90c837a4","name":"home_normal.png","path":"C:\\Users\\IceyFox\\Desktop\\Harmony\\ArkTSComponents\\entry\\build\\default\\intermediates\\res\\default\\resources\\base\\media\\home_normal.png","type":"file","isSymbolicLink":false,"fileMetaData":{"size":3470,"lastModifiedTime":1692160966000}},{"hashValue":"d2ddff908ba69f6166f38461b2a0de3f","name":"home_selected.png","path":"C:\\Users\\IceyFox\\Desktop\\Harmony\\ArkTSComponents\\entry\\build\\default\\intermediates\\res\\default\\resources\\base\\media\\home_selected.png","type":"file","isSymbolicLink":false,"fileMetaData":{"size":3074,"lastModifiedTime":1692160966000}},{"hashValue":"61bf53abd92f2fd943eef4dcf6181fa6","name":"icon.png","path":"C:\\Users\\IceyFox\\Desktop\\Harmony\\ArkTSComponents\\entry\\build\\default\\intermediates\\res\\default\\resources\\base\\media\\icon.png","type":"file","isSymbolicLink":false,"fileMetaData":{"size":363627,"lastModifiedTime":1718158314922}},{"hashValue":"3b567f2c4c618f289b3725a2bad12b2c","name":"login_method1.png","path":"C:\\Users\\IceyFox\\Desktop\\Harmony\\ArkTSComponents\\entry\\build\\default\\intermediates\\res\\default\\resources\\base\\media\\login_method1.png","type":"file","isSymbolicLink":false,"fileMetaData":{"size":12179,"lastModifiedTime":1692160966000}},{"hashValue":"977626e178a388d0cd45fe03192f138c","name":"login_method2.png","path":"C:\\Users\\IceyFox\\Desktop\\Harmony\\ArkTSComponents\\entry\\build\\default\\intermediates\\res\\default\\resources\\base\\media\\login_method2.png","type":"file","isSymbolicLink":false,"fileMetaData":{"size":12271,"lastModifiedTime":1692160966000}},{"hashValue":"e30ab1ae9d99bdbb98552481f494197d","name":"login_method3.png","path":"C:\\Users\\IceyFox\\Desktop\\Harmony\\ArkTSComponents\\entry\\build\\default\\intermediates\\res\\default\\resources\\base\\media\\login_method3.png","type":"file","isSymbolicLink":false,"fileMetaData":{"size":12304,"lastModifiedTime":1692160966000}},{"hashValue":"de527cf2df04a7660da8121c90ff8136","name":"logo.png","path":"C:\\Users\\IceyFox\\Desktop\\Harmony\\ArkTSComponents\\entry\\build\\default\\intermediates\\res\\default\\resources\\base\\media\\logo.png","type":"file","isSymbolicLink":false,"fileMetaData":{"size":363627,"lastModifiedTime":1718158314922}},{"hashValue":"97d75fa8ec9c461beb419f344b5ea465","name":"love.png","path":"C:\\Users\\IceyFox\\Desktop\\Harmony\\ArkTSComponents\\entry\\build\\default\\intermediates\\res\\default\\resources\\base\\media\\love.png","type":"file","isSymbolicLink":false,"fileMetaData":{"size":2977,"lastModifiedTime":1692160966000}},{"hashValue":"81d7bffc7f294658e5205f1b973f7a92","name":"menu.png","path":"C:\\Users\\IceyFox\\Desktop\\Harmony\\ArkTSComponents\\entry\\build\\default\\intermediates\\res\\default\\resources\\base\\media\\menu.png","type":"file","isSymbolicLink":false,"fileMetaData":{"size":4006,"lastModifiedTime":1692160966000}},{"hashValue":"c01b46d1c69868f50e3694eab4d4848f","name":"message.png","path":"C:\\Users\\IceyFox\\Desktop\\Harmony\\ArkTSComponents\\entry\\build\\default\\intermediates\\res\\default\\resources\\base\\media\\message.png","type":"file","isSymbolicLink":false,"fileMetaData":{"size":2836,"lastModifiedTime":1692160966000}},{"hashValue":"6e36e1696de93f9872aeb2667a213e9c","name":"mine_normal.png","path":"C:\\Users\\IceyFox\\Desktop\\Harmony\\ArkTSComponents\\entry\\build\\default\\intermediates\\res\\default\\resources\\base\\media\\mine_normal.png","type":"file","isSymbolicLink":false,"fileMetaData":{"size":3725,"lastModifiedTime":1692160966000}},{"hashValue":"c21c278c17b24afb3ee2ea5a62e89b34","name":"mine_selected.png","path":"C:\\Users\\IceyFox\\Desktop\\Harmony\\ArkTSComponents\\entry\\build\\default\\intermediates\\res\\default\\resources\\base\\media\\mine_selected.png","type":"file","isSymbolicLink":false,"fileMetaData":{"size":3449,"lastModifiedTime":1692160966000}},{"hashValue":"0b552f45f3404d3f0c61bef84d21c113","name":"new.png","path":"C:\\Users\\IceyFox\\Desktop\\Harmony\\ArkTSComponents\\entry\\build\\default\\intermediates\\res\\default\\resources\\base\\media\\new.png","type":"file","isSymbolicLink":false,"fileMetaData":{"size":283064,"lastModifiedTime":1692160966000}},{"hashValue":"6ff6e2902b75cffda1e47a5807f2f558","name":"news.png","path":"C:\\Users\\IceyFox\\Desktop\\Harmony\\ArkTSComponents\\entry\\build\\default\\intermediates\\res\\default\\resources\\base\\media\\news.png","type":"file","isSymbolicLink":false,"fileMetaData":{"size":3630,"lastModifiedTime":1692160966000}},{"hashValue":"ba575eccf55028b90b41fda372bdb103","name":"plus.png","path":"C:\\Users\\IceyFox\\Desktop\\Harmony\\ArkTSComponents\\entry\\build\\default\\intermediates\\res\\default\\resources\\base\\media\\plus.png","type":"file","isSymbolicLink":false,"fileMetaData":{"size":2369,"lastModifiedTime":1718462424871}},{"hashValue":"fe9a38f0003a52959651ba7ba89cdcd9","name":"privacy.png","path":"C:\\Users\\IceyFox\\Desktop\\Harmony\\ArkTSComponents\\entry\\build\\default\\intermediates\\res\\default\\resources\\base\\media\\privacy.png","type":"file","isSymbolicLink":false,"fileMetaData":{"size":3400,"lastModifiedTime":1692160966000}},{"hashValue":"e0c50c2e5288eec5d6c24e6307076f72","name":"record.png","path":"C:\\Users\\IceyFox\\Desktop\\Harmony\\ArkTSComponents\\entry\\build\\default\\intermediates\\res\\default\\resources\\base\\media\\record.png","type":"file","isSymbolicLink":false,"fileMetaData":{"size":2465,"lastModifiedTime":1692160966000}},{"hashValue":"90eb14148a7ceec61a8e74cb3e8847b1","name":"recycle.png","path":"C:\\Users\\IceyFox\\Desktop\\Harmony\\ArkTSComponents\\entry\\build\\default\\intermediates\\res\\default\\resources\\base\\media\\recycle.png","type":"file","isSymbolicLink":false,"fileMetaData":{"size":1867,"lastModifiedTime":1692160966000}},{"hashValue":"1f413d3f4614325f723cc7502f84e532","name":"right_grey.png","path":"C:\\Users\\IceyFox\\Desktop\\Harmony\\ArkTSComponents\\entry\\build\\default\\intermediates\\res\\default\\resources\\base\\media\\right_grey.png","type":"file","isSymbolicLink":false,"fileMetaData":{"size":619,"lastModifiedTime":1692160966000}},{"hashValue":"1b7254983ec0cc67c79ec86395ae097a","name":"search.png","path":"C:\\Users\\IceyFox\\Desktop\\Harmony\\ArkTSComponents\\entry\\build\\default\\intermediates\\res\\default\\resources\\base\\media\\search.png","type":"file","isSymbolicLink":false,"fileMetaData":{"size":6831,"lastModifiedTime":1718474031178}},{"hashValue":"ff8ecb069e3cd4e59fa788d20a7a722a","name":"shopping.png","path":"C:\\Users\\IceyFox\\Desktop\\Harmony\\ArkTSComponents\\entry\\build\\default\\intermediates\\res\\default\\resources\\base\\media\\shopping.png","type":"file","isSymbolicLink":false,"fileMetaData":{"size":2858,"lastModifiedTime":1692160966000}},{"hashValue":"a6118d1c8ebf97a9a8bd22b2b4658597","name":"storage.png","path":"C:\\Users\\IceyFox\\Desktop\\Harmony\\ArkTSComponents\\entry\\build\\default\\intermediates\\res\\default\\resources\\base\\media\\storage.png","type":"file","isSymbolicLink":false,"fileMetaData":{"size":2976,"lastModifiedTime":1692160966000}},{"hashValue":"2c0aa38fc197d36507b81de880ea9d76","name":"target.png","path":"C:\\Users\\IceyFox\\Desktop\\Harmony\\ArkTSComponents\\entry\\build\\default\\intermediates\\res\\default\\resources\\base\\media\\target.png","type":"file","isSymbolicLink":false,"fileMetaData":{"size":1723,"lastModifiedTime":1692160966000}},{"hashValue":"3b129ae9fc7ddb4fd9d12a2cfdc13e38","name":"top.png","path":"C:\\Users\\IceyFox\\Desktop\\Harmony\\ArkTSComponents\\entry\\build\\default\\intermediates\\res\\default\\resources\\base\\media\\top.png","type":"file","isSymbolicLink":false,"fileMetaData":{"size":348708,"lastModifiedTime":1692160966000}}]},{"hashValue":"0fd7f3c3c96f7c812caa87f711bf54f0","name":"profile","path":"C:\\Users\\IceyFox\\Desktop\\Harmony\\ArkTSComponents\\entry\\build\\default\\intermediates\\res\\default\\resources\\base\\profile","type":"directory","isSymbolicLink":false,"children":[{"hashValue":"9628a835f9cee80785f97cbb40188f86","name":"main_pages.json","path":"C:\\Users\\IceyFox\\Desktop\\Harmony\\ArkTSComponents\\entry\\build\\default\\intermediates\\res\\default\\resources\\base\\profile\\main_pages.json","type":"file","isSymbolicLink":false,"fileMetaData":{"size":113,"lastModifiedTime":1718521377083}}]}]}]},{"hashValue":"5604124b76f155f63c5df41bc7406073","name":"resources.index","path":"C:\\Users\\IceyFox\\Desktop\\Harmony\\ArkTSComponents\\entry\\build\\default\\intermediates\\res\\default\\resources.index","type":"file","isSymbolicLink":false,"fileMetaData":{"size":17055,"lastModifiedTime":1718932094601}},{"hashValue":"643d12d4f9de94ae12ed28aea9d7fd03","name":"ResourceTable.txt","path":"C:\\Users\\IceyFox\\Desktop\\Harmony\\ArkTSComponents\\entry\\build\\default\\intermediates\\res\\default\\ResourceTable.txt","type":"file","isSymbolicLink":false,"fileMetaData":{"size":6370,"lastModifiedTime":1718932094598}}]},"C:\\Users\\IceyFox\\Desktop\\Harmony\\ArkTSComponents\\entry\\build\\default\\generated\\r\\default\\ResourceTable.h":{"hashValue":"669d8ee8603e863830c3e0cae107635e","name":"ResourceTable.h","path":"C:\\Users\\IceyFox\\Desktop\\Harmony\\ArkTSComponents\\entry\\build\\default\\generated\\r\\default\\ResourceTable.h","type":"file","isSymbolicLink":false,"fileMetaData":{"size":10323,"lastModifiedTime":1718932094598}},"C:\\Users\\IceyFox\\Desktop\\Harmony\\ArkTSComponents\\entry\\build\\default\\generated\\r\\default":{"hashValue":"ec1db1b4c505b4157bc7ec09150f696b","name":"default","path":"C:\\Users\\IceyFox\\Desktop\\Harmony\\ArkTSComponents\\entry\\build\\default\\generated\\r\\default","type":"directory","isSymbolicLink":false,"children":[{"hashValue":"669d8ee8603e863830c3e0cae107635e","name":"ResourceTable.h","path":"C:\\Users\\IceyFox\\Desktop\\Harmony\\ArkTSComponents\\entry\\build\\default\\generated\\r\\default\\ResourceTable.h","type":"file","isSymbolicLink":false,"fileMetaData":{"size":10323,"lastModifiedTime":1718932094598}}]},"C:\\Users\\IceyFox\\Desktop\\Harmony\\ArkTSComponents\\entry\\build\\default\\intermediates\\loader\\default":{"hashValue":"6557f925211e93808f501377d3209870","name":"default","path":"C:\\Users\\IceyFox\\Desktop\\Harmony\\ArkTSComponents\\entry\\build\\default\\intermediates\\loader\\default","type":"directory","isSymbolicLink":false,"children":[{"hashValue":"7ef78aa81c61dde248128364c5a29700","name":"loader.json","path":"C:\\Users\\IceyFox\\Desktop\\Harmony\\ArkTSComponents\\entry\\build\\default\\intermediates\\loader\\default\\loader.json","type":"file","isSymbolicLink":false,"fileMetaData":{"size":405,"lastModifiedTime":1718932094051}}]},"C:\\Users\\IceyFox\\Desktop\\Harmony\\ArkTSComponents\\entry\\build\\default\\intermediates\\res\\default\\ResourceTable.txt":{"hashValue":"643d12d4f9de94ae12ed28aea9d7fd03","name":"ResourceTable.txt","path":"C:\\Users\\IceyFox\\Desktop\\Harmony\\ArkTSComponents\\entry\\build\\default\\intermediates\\res\\default\\ResourceTable.txt","type":"file","isSymbolicLink":false,"fileMetaData":{"size":6370,"lastModifiedTime":1718932094598}},"C:\\Users\\IceyFox\\Desktop\\Harmony\\ArkTSComponents\\entry\\build\\default\\intermediates\\res\\default\\module.json":{"hashValue":"80f36df95ae09ca41a990531c662b4e1","name":"module.json","path":"C:\\Users\\IceyFox\\Desktop\\Harmony\\ArkTSComponents\\entry\\build\\default\\intermediates\\res\\default\\module.json","type":"file","isSymbolicLink":false,"fileMetaData":{"size":2023,"lastModifiedTime":1718932094599}},"C:\\Users\\IceyFox\\Desktop\\Harmony\\ArkTSComponents\\entry\\build\\default\\intermediates\\res\\default\\resources\\base\\profile":{"hashValue":"0fd7f3c3c96f7c812caa87f711bf54f0","name":"profile","path":"C:\\Users\\IceyFox\\Desktop\\Harmony\\ArkTSComponents\\entry\\build\\default\\intermediates\\res\\default\\resources\\base\\profile","type":"directory","isSymbolicLink":false,"children":[{"hashValue":"9628a835f9cee80785f97cbb40188f86","name":"main_pages.json","path":"C:\\Users\\IceyFox\\Desktop\\Harmony\\ArkTSComponents\\entry\\build\\default\\intermediates\\res\\default\\resources\\base\\profile\\main_pages.json","type":"file","isSymbolicLink":false,"fileMetaData":{"size":113,"lastModifiedTime":1718521377083}}]},"C:\\Users\\IceyFox\\Desktop\\Harmony\\ArkTSComponents\\entry\\src\\main\\ets":{"hashValue":"66a523315528be08048cb1b9f00256bc","name":"ets","path":"C:\\Users\\IceyFox\\Desktop\\Harmony\\ArkTSComponents\\entry\\src\\main\\ets","type":"directory","isSymbolicLink":false,"children":[{"hashValue":"34403aabf99779fb13a6c3e2abc111c6","name":"common","path":"C:\\Users\\IceyFox\\Desktop\\Harmony\\ArkTSComponents\\entry\\src\\main\\ets\\common","type":"directory","isSymbolicLink":false,"children":[{"hashValue":"20158bdb372923748e3d1f2c9a9e5fc4","name":"constants","path":"C:\\Users\\IceyFox\\Desktop\\Harmony\\ArkTSComponents\\entry\\src\\main\\ets\\common\\constants","type":"directory","isSymbolicLink":false,"children":[{"hashValue":"d7089c676f07857d1f8fd5b2d04aba3b","name":"CommonConstants.ets","path":"C:\\Users\\IceyFox\\Desktop\\Harmony\\ArkTSComponents\\entry\\src\\main\\ets\\common\\constants\\CommonConstants.ets","type":"file","isSymbolicLink":false,"fileMetaData":{"size":2000,"lastModifiedTime":1718900457998}}]}]},{"hashValue":"7f5d4ab36cf45d940fd9c9fd2b069804","name":"component","path":"C:\\Users\\IceyFox\\Desktop\\Harmony\\ArkTSComponents\\entry\\src\\main\\ets\\component","type":"directory","isSymbolicLink":false,"children":[{"hashValue":"c8b79cd5e2e0f76d009211f31754bc32","name":"CustomDialogEdit.ets","path":"C:\\Users\\IceyFox\\Desktop\\Harmony\\ArkTSComponents\\entry\\src\\main\\ets\\component\\CustomDialogEdit.ets","type":"file","isSymbolicLink":false,"fileMetaData":{"size":2629,"lastModifiedTime":1718886934922}},{"hashValue":"1829ffbe48ad85816027aa4d77bb6279","name":"CustomDialogExample.ets","path":"C:\\Users\\IceyFox\\Desktop\\Harmony\\ArkTSComponents\\entry\\src\\main\\ets\\component\\CustomDialogExample.ets","type":"file","isSymbolicLink":false,"fileMetaData":{"size":2279,"lastModifiedTime":1718882533774}},{"hashValue":"fd3c10142304f4b23f70bd36aa6b7a68","name":"MemoItem.ets","path":"C:\\Users\\IceyFox\\Desktop\\Harmony\\ArkTSComponents\\entry\\src\\main\\ets\\component\\MemoItem.ets","type":"file","isSymbolicLink":false,"fileMetaData":{"size":2510,"lastModifiedTime":1718885091639}},{"hashValue":"1f886c6c6b7aae99600ab3bf3839b5a9","name":"MemoSearch.ets","path":"C:\\Users\\IceyFox\\Desktop\\Harmony\\ArkTSComponents\\entry\\src\\main\\ets\\component\\MemoSearch.ets","type":"file","isSymbolicLink":false,"fileMetaData":{"size":1044,"lastModifiedTime":1718852136807}}]},{"hashValue":"9d87bdd934fc35a0a9bb74ab4c10e62c","name":"constants","path":"C:\\Users\\IceyFox\\Desktop\\Harmony\\ArkTSComponents\\entry\\src\\main\\ets\\constants","type":"directory","isSymbolicLink":false,"children":[{"hashValue":"bdf4eee92438aad635b6e1e91de309dc","name":"CommonConstants.ets","path":"C:\\Users\\IceyFox\\Desktop\\Harmony\\ArkTSComponents\\entry\\src\\main\\ets\\constants\\CommonConstants.ets","type":"file","isSymbolicLink":false,"fileMetaData":{"size":704,"lastModifiedTime":1708001528000}}]},{"hashValue":"a04f20a2c7571d27fc67966f50576221","name":"database","path":"C:\\Users\\IceyFox\\Desktop\\Harmony\\ArkTSComponents\\entry\\src\\main\\ets\\database","type":"directory","isSymbolicLink":false,"children":[{"hashValue":"2dbb0024c6b2d9aafbcb0870f79bf6da","name":"MemoTable.ets","path":"C:\\Users\\IceyFox\\Desktop\\Harmony\\ArkTSComponents\\entry\\src\\main\\ets\\database\\MemoTable.ets","type":"file","isSymbolicLink":false,"fileMetaData":{"size":4361,"lastModifiedTime":1708001528000}},{"hashValue":"fc057a9d5351d48a8d16d7593719df6a","name":"Rdb.ets","path":"C:\\Users\\IceyFox\\Desktop\\Harmony\\ArkTSComponents\\entry\\src\\main\\ets\\database\\Rdb.ets","type":"file","isSymbolicLink":false,"fileMetaData":{"size":7639,"lastModifiedTime":1708001528000}}]},{"hashValue":"7bbec4cbb62c932e11d9a2782ca7e75f","name":"entryability","path":"C:\\Users\\IceyFox\\Desktop\\Harmony\\ArkTSComponents\\entry\\src\\main\\ets\\entryability","type":"directory","isSymbolicLink":false,"children":[{"hashValue":"cecacb1ef7ba04b251e0b997bf574ed8","name":"EntryAbility.ts","path":"C:\\Users\\IceyFox\\Desktop\\Harmony\\ArkTSComponents\\entry\\src\\main\\ets\\entryability\\EntryAbility.ts","type":"file","isSymbolicLink":false,"fileMetaData":{"size":2796,"lastModifiedTime":1692160966000}}]},{"hashValue":"b8c2dae0e27e792f622b72510d99ef0a","name":"Model","path":"C:\\Users\\IceyFox\\Desktop\\Harmony\\ArkTSComponents\\entry\\src\\main\\ets\\Model","type":"directory","isSymbolicLink":false,"children":[{"hashValue":"b421c1d050ffe5f0ee320aeed09ffbff","name":"MemoModel.ets","path":"C:\\Users\\IceyFox\\Desktop\\Harmony\\ArkTSComponents\\entry\\src\\main\\ets\\Model\\MemoModel.ets","type":"file","isSymbolicLink":false,"fileMetaData":{"size":268,"lastModifiedTime":1718469738895}},{"hashValue":"ade3d1b3a2ded49e697ca0b8e74e6728","name":"TableInterface.ets","path":"C:\\Users\\IceyFox\\Desktop\\Harmony\\ArkTSComponents\\entry\\src\\main\\ets\\Model\\TableInterface.ets","type":"file","isSymbolicLink":false,"fileMetaData":{"size":90,"lastModifiedTime":1708001528000}}]},{"hashValue":"5ab61a965c488d2d7edfd65eccadb10d","name":"pages","path":"C:\\Users\\IceyFox\\Desktop\\Harmony\\ArkTSComponents\\entry\\src\\main\\ets\\pages","type":"directory","isSymbolicLink":false,"children":[{"hashValue":"7701c89266686f79ad0503a794f78be6","name":"LoginPage.ets","path":"C:\\Users\\IceyFox\\Desktop\\Harmony\\ArkTSComponents\\entry\\src\\main\\ets\\pages\\LoginPage.ets","type":"file","isSymbolicLink":false,"fileMetaData":{"size":6407,"lastModifiedTime":1718905000063}},{"hashValue":"c28be445dbeb72676cc96a66ae089ea5","name":"MainPage.ets","path":"C:\\Users\\IceyFox\\Desktop\\Harmony\\ArkTSComponents\\entry\\src\\main\\ets\\pages\\MainPage.ets","type":"file","isSymbolicLink":false,"fileMetaData":{"size":2272,"lastModifiedTime":1718176362072}},{"hashValue":"5b8eea288c17e63ae39915c2dc8a3d30","name":"NoteMain.ets","path":"C:\\Users\\IceyFox\\Desktop\\Harmony\\ArkTSComponents\\entry\\src\\main\\ets\\pages\\NoteMain.ets","type":"file","isSymbolicLink":false,"fileMetaData":{"size":7408,"lastModifiedTime":1718896798847}},{"hashValue":"a0f18ab8267573d8ff484eb020f84214","name":"Register.ets","path":"C:\\Users\\IceyFox\\Desktop\\Harmony\\ArkTSComponents\\entry\\src\\main\\ets\\pages\\Register.ets","type":"file","isSymbolicLink":false,"fileMetaData":{"size":5292,"lastModifiedTime":1718903870212}}]},{"hashValue":"2d398872968d9537b142b29476dc74cc","name":"utils","path":"C:\\Users\\IceyFox\\Desktop\\Harmony\\ArkTSComponents\\entry\\src\\main\\ets\\utils","type":"directory","isSymbolicLink":false,"children":[{"hashValue":"b8ac2796fe3e03e79de331317f4d359d","name":"Logger.ets","path":"C:\\Users\\IceyFox\\Desktop\\Harmony\\ArkTSComponents\\entry\\src\\main\\ets\\utils\\Logger.ets","type":"file","isSymbolicLink":false,"fileMetaData":{"size":884,"lastModifiedTime":1708001528000}}]},{"hashValue":"0c137cd1e3224b0bdabf8d2fa02843eb","name":"view","path":"C:\\Users\\IceyFox\\Desktop\\Harmony\\ArkTSComponents\\entry\\src\\main\\ets\\view","type":"directory","isSymbolicLink":false,"children":[{"hashValue":"bd2715732f1bfea7a6678efa6873b71c","name":"Home.ets","path":"C:\\Users\\IceyFox\\Desktop\\Harmony\\ArkTSComponents\\entry\\src\\main\\ets\\view\\Home.ets","type":"file","isSymbolicLink":false,"fileMetaData":{"size":4010,"lastModifiedTime":1718179592136}},{"hashValue":"091d2a5a971d7ee6abb2e6ab1f0c7693","name":"Setting.ets","path":"C:\\Users\\IceyFox\\Desktop\\Harmony\\ArkTSComponents\\entry\\src\\main\\ets\\view\\Setting.ets","type":"file","isSymbolicLink":false,"fileMetaData":{"size":4709,"lastModifiedTime":1697165058000}}]},{"hashValue":"40627bd1a5a7efc90c39966c2762810e","name":"viewmodel","path":"C:\\Users\\IceyFox\\Desktop\\Harmony\\ArkTSComponents\\entry\\src\\main\\ets\\viewmodel","type":"directory","isSymbolicLink":false,"children":[{"hashValue":"5ddcf129c60d879414d422f9e923dd97","name":"ItemData.ets","path":"C:\\Users\\IceyFox\\Desktop\\Harmony\\ArkTSComponents\\entry\\src\\main\\ets\\viewmodel\\ItemData.ets","type":"file","isSymbolicLink":false,"fileMetaData":{"size":1035,"lastModifiedTime":1695806736000}},{"hashValue":"210be2c5f7fcd9b629a8a1fefb8e9413","name":"MainViewModel.ets","path":"C:\\Users\\IceyFox\\Desktop\\Harmony\\ArkTSComponents\\entry\\src\\main\\ets\\viewmodel\\MainViewModel.ets","type":"file","isSymbolicLink":false,"fileMetaData":{"size":3380,"lastModifiedTime":1697165058000}}]}]},"C:\\Users\\IceyFox\\Desktop\\Harmony\\ArkTSComponents\\entry\\build\\default\\intermediates\\loader_out\\default\\ets":{"hashValue":"2f940944512440983e6b7a48d0476ab2","name":"ets","path":"C:\\Users\\IceyFox\\Desktop\\Harmony\\ArkTSComponents\\entry\\build\\default\\intermediates\\loader_out\\default\\ets","type":"directory","isSymbolicLink":false,"children":[{"hashValue":"9767b9c8c397e096c0068bd9e1b82e92","name":"modules.abc","path":"C:\\Users\\IceyFox\\Desktop\\Harmony\\ArkTSComponents\\entry\\build\\default\\intermediates\\loader_out\\default\\ets\\modules.abc","type":"file","isSymbolicLink":false,"fileMetaData":{"size":339500,"lastModifiedTime":1718932106688}},{"hashValue":"c569185bb23888a55d71802b83e54345","name":"sourceMaps.map","path":"C:\\Users\\IceyFox\\Desktop\\Harmony\\ArkTSComponents\\entry\\build\\default\\intermediates\\loader_out\\default\\ets\\sourceMaps.map","type":"file","isSymbolicLink":false,"fileMetaData":{"size":372107,"lastModifiedTime":1718932106454}}]},"C:\\Users\\IceyFox\\Desktop\\Harmony\\ArkTSComponents\\entry\\build\\default\\intermediates\\res\\default\\resources":{"hashValue":"89def2ce97fb2139519828ae8c83fb9a","name":"resources","path":"C:\\Users\\IceyFox\\Desktop\\Harmony\\ArkTSComponents\\entry\\build\\default\\intermediates\\res\\default\\resources","type":"directory","isSymbolicLink":false,"children":[{"hashValue":"36301753598d3f31813c7e22c42c0744","name":"base","path":"C:\\Users\\IceyFox\\Desktop\\Harmony\\ArkTSComponents\\entry\\build\\default\\intermediates\\res\\default\\resources\\base","type":"directory","isSymbolicLink":false,"children":[{"hashValue":"1b6041dc494cb4f394440be827109f36","name":"media","path":"C:\\Users\\IceyFox\\Desktop\\Harmony\\ArkTSComponents\\entry\\build\\default\\intermediates\\res\\default\\resources\\base\\media","type":"directory","isSymbolicLink":false,"children":[{"hashValue":"943332c331f0699f4d9a66f2aee0dd2f","name":"about.png","path":"C:\\Users\\IceyFox\\Desktop\\Harmony\\ArkTSComponents\\entry\\build\\default\\intermediates\\res\\default\\resources\\base\\media\\about.png","type":"file","isSymbolicLink":false,"fileMetaData":{"size":3120,"lastModifiedTime":1692160966000}},{"hashValue":"ba91b4a755af98951b78af3be7b5ae5c","name":"account.png","path":"C:\\Users\\IceyFox\\Desktop\\Harmony\\ArkTSComponents\\entry\\build\\default\\intermediates\\res\\default\\resources\\base\\media\\account.png","type":"file","isSymbolicLink":false,"fileMetaData":{"size":8393,"lastModifiedTime":1692160966000}},{"hashValue":"f514cf3693b9b8ec5e6086dcb698a2a5","name":"app_icon.png","path":"C:\\Users\\IceyFox\\Desktop\\Harmony\\ArkTSComponents\\entry\\build\\default\\intermediates\\res\\default\\resources\\base\\media\\app_icon.png","type":"file","isSymbolicLink":false,"fileMetaData":{"size":6790,"lastModifiedTime":1692160966000}},{"hashValue":"acb49b8a8c081975d42c0fb28c0cc244","name":"arrow.png","path":"C:\\Users\\IceyFox\\Desktop\\Harmony\\ArkTSComponents\\entry\\build\\default\\intermediates\\res\\default\\resources\\base\\media\\arrow.png","type":"file","isSymbolicLink":false,"fileMetaData":{"size":3589,"lastModifiedTime":1692160966000}},{"hashValue":"fb04f0cf37805745670984802fb976f3","name":"brand.png","path":"C:\\Users\\IceyFox\\Desktop\\Harmony\\ArkTSComponents\\entry\\build\\default\\intermediates\\res\\default\\resources\\base\\media\\brand.png","type":"file","isSymbolicLink":false,"fileMetaData":{"size":315020,"lastModifiedTime":1692160966000}},{"hashValue":"69ff486a47011d328b029667f9843c80","name":"cancel.png","path":"C:\\Users\\IceyFox\\Desktop\\Harmony\\ArkTSComponents\\entry\\build\\default\\intermediates\\res\\default\\resources\\base\\media\\cancel.png","type":"file","isSymbolicLink":false,"fileMetaData":{"size":4568,"lastModifiedTime":1718476579020}},{"hashValue":"59006343f193b0051c0fb727223a94f8","name":"circle.png","path":"C:\\Users\\IceyFox\\Desktop\\Harmony\\ArkTSComponents\\entry\\build\\default\\intermediates\\res\\default\\resources\\base\\media\\circle.png","type":"file","isSymbolicLink":false,"fileMetaData":{"size":3535,"lastModifiedTime":1692160966000}},{"hashValue":"a2f19fcf00184a285d1ae3d2cc19ae19","name":"data.png","path":"C:\\Users\\IceyFox\\Desktop\\Harmony\\ArkTSComponents\\entry\\build\\default\\intermediates\\res\\default\\resources\\base\\media\\data.png","type":"file","isSymbolicLink":false,"fileMetaData":{"size":1793,"lastModifiedTime":1692160966000}},{"hashValue":"599e6ec90d93c3c28cb202d3a42fd901","name":"discover_normal.png","path":"C:\\Users\\IceyFox\\Desktop\\Harmony\\ArkTSComponents\\entry\\build\\default\\intermediates\\res\\default\\resources\\base\\media\\discover_normal.png","type":"file","isSymbolicLink":false,"fileMetaData":{"size":7030,"lastModifiedTime":1692160966000}},{"hashValue":"e8e51e507bfc309b3041cb4194e2d235","name":"discover_selected.png","path":"C:\\Users\\IceyFox\\Desktop\\Harmony\\ArkTSComponents\\entry\\build\\default\\intermediates\\res\\default\\resources\\base\\media\\discover_selected.png","type":"file","isSymbolicLink":false,"fileMetaData":{"size":9608,"lastModifiedTime":1692160966000}},{"hashValue":"180fccf1c9ce745b319e55c8cfb09128","name":"favorite.png","path":"C:\\Users\\IceyFox\\Desktop\\Harmony\\ArkTSComponents\\entry\\build\\default\\intermediates\\res\\default\\resources\\base\\media\\favorite.png","type":"file","isSymbolicLink":false,"fileMetaData":{"size":3297,"lastModifiedTime":1692160966000}},{"hashValue":"9da5deef3c65fe908b4e32cdebe4e480","name":"fig1.png","path":"C:\\Users\\IceyFox\\Desktop\\Harmony\\ArkTSComponents\\entry\\build\\default\\intermediates\\res\\default\\resources\\base\\media\\fig1.png","type":"file","isSymbolicLink":false,"fileMetaData":{"size":1247908,"lastModifiedTime":1692160966000}},{"hashValue":"15cf31bc66f0ef49701f95bdb4338a10","name":"fig2.png","path":"C:\\Users\\IceyFox\\Desktop\\Harmony\\ArkTSComponents\\entry\\build\\default\\intermediates\\res\\default\\resources\\base\\media\\fig2.png","type":"file","isSymbolicLink":false,"fileMetaData":{"size":1211524,"lastModifiedTime":1692160966000}},{"hashValue":"5a54f6d0d1b3c68846f3c81893c4f99f","name":"fig3.png","path":"C:\\Users\\IceyFox\\Desktop\\Harmony\\ArkTSComponents\\entry\\build\\default\\intermediates\\res\\default\\resources\\base\\media\\fig3.png","type":"file","isSymbolicLink":false,"fileMetaData":{"size":779906,"lastModifiedTime":1692160966000}},{"hashValue":"17feae00b4175f9f6acae853f3b73fa0","name":"fig4.png","path":"C:\\Users\\IceyFox\\Desktop\\Harmony\\ArkTSComponents\\entry\\build\\default\\intermediates\\res\\default\\resources\\base\\media\\fig4.png","type":"file","isSymbolicLink":false,"fileMetaData":{"size":1092785,"lastModifiedTime":1692160966000}},{"hashValue":"7fdd6b672faf481949a9a07fe9a25616","name":"found.png","path":"C:\\Users\\IceyFox\\Desktop\\Harmony\\ArkTSComponents\\entry\\build\\default\\intermediates\\res\\default\\resources\\base\\media\\found.png","type":"file","isSymbolicLink":false,"fileMetaData":{"size":153816,"lastModifiedTime":1692160966000}},{"hashValue":"e8893e4bde1108418e3a388a90c837a4","name":"home_normal.png","path":"C:\\Users\\IceyFox\\Desktop\\Harmony\\ArkTSComponents\\entry\\build\\default\\intermediates\\res\\default\\resources\\base\\media\\home_normal.png","type":"file","isSymbolicLink":false,"fileMetaData":{"size":3470,"lastModifiedTime":1692160966000}},{"hashValue":"d2ddff908ba69f6166f38461b2a0de3f","name":"home_selected.png","path":"C:\\Users\\IceyFox\\Desktop\\Harmony\\ArkTSComponents\\entry\\build\\default\\intermediates\\res\\default\\resources\\base\\media\\home_selected.png","type":"file","isSymbolicLink":false,"fileMetaData":{"size":3074,"lastModifiedTime":1692160966000}},{"hashValue":"61bf53abd92f2fd943eef4dcf6181fa6","name":"icon.png","path":"C:\\Users\\IceyFox\\Desktop\\Harmony\\ArkTSComponents\\entry\\build\\default\\intermediates\\res\\default\\resources\\base\\media\\icon.png","type":"file","isSymbolicLink":false,"fileMetaData":{"size":363627,"lastModifiedTime":1718158314922}},{"hashValue":"3b567f2c4c618f289b3725a2bad12b2c","name":"login_method1.png","path":"C:\\Users\\IceyFox\\Desktop\\Harmony\\ArkTSComponents\\entry\\build\\default\\intermediates\\res\\default\\resources\\base\\media\\login_method1.png","type":"file","isSymbolicLink":false,"fileMetaData":{"size":12179,"lastModifiedTime":1692160966000}},{"hashValue":"977626e178a388d0cd45fe03192f138c","name":"login_method2.png","path":"C:\\Users\\IceyFox\\Desktop\\Harmony\\ArkTSComponents\\entry\\build\\default\\intermediates\\res\\default\\resources\\base\\media\\login_method2.png","type":"file","isSymbolicLink":false,"fileMetaData":{"size":12271,"lastModifiedTime":1692160966000}},{"hashValue":"e30ab1ae9d99bdbb98552481f494197d","name":"login_method3.png","path":"C:\\Users\\IceyFox\\Desktop\\Harmony\\ArkTSComponents\\entry\\build\\default\\intermediates\\res\\default\\resources\\base\\media\\login_method3.png","type":"file","isSymbolicLink":false,"fileMetaData":{"size":12304,"lastModifiedTime":1692160966000}},{"hashValue":"de527cf2df04a7660da8121c90ff8136","name":"logo.png","path":"C:\\Users\\IceyFox\\Desktop\\Harmony\\ArkTSComponents\\entry\\build\\default\\intermediates\\res\\default\\resources\\base\\media\\logo.png","type":"file","isSymbolicLink":false,"fileMetaData":{"size":363627,"lastModifiedTime":1718158314922}},{"hashValue":"97d75fa8ec9c461beb419f344b5ea465","name":"love.png","path":"C:\\Users\\IceyFox\\Desktop\\Harmony\\ArkTSComponents\\entry\\build\\default\\intermediates\\res\\default\\resources\\base\\media\\love.png","type":"file","isSymbolicLink":false,"fileMetaData":{"size":2977,"lastModifiedTime":1692160966000}},{"hashValue":"81d7bffc7f294658e5205f1b973f7a92","name":"menu.png","path":"C:\\Users\\IceyFox\\Desktop\\Harmony\\ArkTSComponents\\entry\\build\\default\\intermediates\\res\\default\\resources\\base\\media\\menu.png","type":"file","isSymbolicLink":false,"fileMetaData":{"size":4006,"lastModifiedTime":1692160966000}},{"hashValue":"c01b46d1c69868f50e3694eab4d4848f","name":"message.png","path":"C:\\Users\\IceyFox\\Desktop\\Harmony\\ArkTSComponents\\entry\\build\\default\\intermediates\\res\\default\\resources\\base\\media\\message.png","type":"file","isSymbolicLink":false,"fileMetaData":{"size":2836,"lastModifiedTime":1692160966000}},{"hashValue":"6e36e1696de93f9872aeb2667a213e9c","name":"mine_normal.png","path":"C:\\Users\\IceyFox\\Desktop\\Harmony\\ArkTSComponents\\entry\\build\\default\\intermediates\\res\\default\\resources\\base\\media\\mine_normal.png","type":"file","isSymbolicLink":false,"fileMetaData":{"size":3725,"lastModifiedTime":1692160966000}},{"hashValue":"c21c278c17b24afb3ee2ea5a62e89b34","name":"mine_selected.png","path":"C:\\Users\\IceyFox\\Desktop\\Harmony\\ArkTSComponents\\entry\\build\\default\\intermediates\\res\\default\\resources\\base\\media\\mine_selected.png","type":"file","isSymbolicLink":false,"fileMetaData":{"size":3449,"lastModifiedTime":1692160966000}},{"hashValue":"0b552f45f3404d3f0c61bef84d21c113","name":"new.png","path":"C:\\Users\\IceyFox\\Desktop\\Harmony\\ArkTSComponents\\entry\\build\\default\\intermediates\\res\\default\\resources\\base\\media\\new.png","type":"file","isSymbolicLink":false,"fileMetaData":{"size":283064,"lastModifiedTime":1692160966000}},{"hashValue":"6ff6e2902b75cffda1e47a5807f2f558","name":"news.png","path":"C:\\Users\\IceyFox\\Desktop\\Harmony\\ArkTSComponents\\entry\\build\\default\\intermediates\\res\\default\\resources\\base\\media\\news.png","type":"file","isSymbolicLink":false,"fileMetaData":{"size":3630,"lastModifiedTime":1692160966000}},{"hashValue":"ba575eccf55028b90b41fda372bdb103","name":"plus.png","path":"C:\\Users\\IceyFox\\Desktop\\Harmony\\ArkTSComponents\\entry\\build\\default\\intermediates\\res\\default\\resources\\base\\media\\plus.png","type":"file","isSymbolicLink":false,"fileMetaData":{"size":2369,"lastModifiedTime":1718462424871}},{"hashValue":"fe9a38f0003a52959651ba7ba89cdcd9","name":"privacy.png","path":"C:\\Users\\IceyFox\\Desktop\\Harmony\\ArkTSComponents\\entry\\build\\default\\intermediates\\res\\default\\resources\\base\\media\\privacy.png","type":"file","isSymbolicLink":false,"fileMetaData":{"size":3400,"lastModifiedTime":1692160966000}},{"hashValue":"e0c50c2e5288eec5d6c24e6307076f72","name":"record.png","path":"C:\\Users\\IceyFox\\Desktop\\Harmony\\ArkTSComponents\\entry\\build\\default\\intermediates\\res\\default\\resources\\base\\media\\record.png","type":"file","isSymbolicLink":false,"fileMetaData":{"size":2465,"lastModifiedTime":1692160966000}},{"hashValue":"90eb14148a7ceec61a8e74cb3e8847b1","name":"recycle.png","path":"C:\\Users\\IceyFox\\Desktop\\Harmony\\ArkTSComponents\\entry\\build\\default\\intermediates\\res\\default\\resources\\base\\media\\recycle.png","type":"file","isSymbolicLink":false,"fileMetaData":{"size":1867,"lastModifiedTime":1692160966000}},{"hashValue":"1f413d3f4614325f723cc7502f84e532","name":"right_grey.png","path":"C:\\Users\\IceyFox\\Desktop\\Harmony\\ArkTSComponents\\entry\\build\\default\\intermediates\\res\\default\\resources\\base\\media\\right_grey.png","type":"file","isSymbolicLink":false,"fileMetaData":{"size":619,"lastModifiedTime":1692160966000}},{"hashValue":"1b7254983ec0cc67c79ec86395ae097a","name":"search.png","path":"C:\\Users\\IceyFox\\Desktop\\Harmony\\ArkTSComponents\\entry\\build\\default\\intermediates\\res\\default\\resources\\base\\media\\search.png","type":"file","isSymbolicLink":false,"fileMetaData":{"size":6831,"lastModifiedTime":1718474031178}},{"hashValue":"ff8ecb069e3cd4e59fa788d20a7a722a","name":"shopping.png","path":"C:\\Users\\IceyFox\\Desktop\\Harmony\\ArkTSComponents\\entry\\build\\default\\intermediates\\res\\default\\resources\\base\\media\\shopping.png","type":"file","isSymbolicLink":false,"fileMetaData":{"size":2858,"lastModifiedTime":1692160966000}},{"hashValue":"a6118d1c8ebf97a9a8bd22b2b4658597","name":"storage.png","path":"C:\\Users\\IceyFox\\Desktop\\Harmony\\ArkTSComponents\\entry\\build\\default\\intermediates\\res\\default\\resources\\base\\media\\storage.png","type":"file","isSymbolicLink":false,"fileMetaData":{"size":2976,"lastModifiedTime":1692160966000}},{"hashValue":"2c0aa38fc197d36507b81de880ea9d76","name":"target.png","path":"C:\\Users\\IceyFox\\Desktop\\Harmony\\ArkTSComponents\\entry\\build\\default\\intermediates\\res\\default\\resources\\base\\media\\target.png","type":"file","isSymbolicLink":false,"fileMetaData":{"size":1723,"lastModifiedTime":1692160966000}},{"hashValue":"3b129ae9fc7ddb4fd9d12a2cfdc13e38","name":"top.png","path":"C:\\Users\\IceyFox\\Desktop\\Harmony\\ArkTSComponents\\entry\\build\\default\\intermediates\\res\\default\\resources\\base\\media\\top.png","type":"file","isSymbolicLink":false,"fileMetaData":{"size":348708,"lastModifiedTime":1692160966000}}]},{"hashValue":"0fd7f3c3c96f7c812caa87f711bf54f0","name":"profile","path":"C:\\Users\\IceyFox\\Desktop\\Harmony\\ArkTSComponents\\entry\\build\\default\\intermediates\\res\\default\\resources\\base\\profile","type":"directory","isSymbolicLink":false,"children":[{"hashValue":"9628a835f9cee80785f97cbb40188f86","name":"main_pages.json","path":"C:\\Users\\IceyFox\\Desktop\\Harmony\\ArkTSComponents\\entry\\build\\default\\intermediates\\res\\default\\resources\\base\\profile\\main_pages.json","type":"file","isSymbolicLink":false,"fileMetaData":{"size":113,"lastModifiedTime":1718521377083}}]}]}]},"C:\\Users\\IceyFox\\Desktop\\Harmony\\ArkTSComponents\\entry\\build\\default\\intermediates\\res\\default\\resources.index":{"hashValue":"5604124b76f155f63c5df41bc7406073","name":"resources.index","path":"C:\\Users\\IceyFox\\Desktop\\Harmony\\ArkTSComponents\\entry\\build\\default\\intermediates\\res\\default\\resources.index","type":"file","isSymbolicLink":false,"fileMetaData":{"size":17055,"lastModifiedTime":1718932094601}},"C:\\Users\\IceyFox\\Desktop\\Harmony\\ArkTSComponents\\entry\\build\\default\\outputs\\default\\entry-default-unsigned.hap":{"hashValue":"56d1827b14b8a6d8000da09eda7395cb","name":"entry-default-unsigned.hap","path":"C:\\Users\\IceyFox\\Desktop\\Harmony\\ArkTSComponents\\entry\\build\\default\\outputs\\default\\entry-default-unsigned.hap","type":"file","isSymbolicLink":false,"fileMetaData":{"size":7038480,"lastModifiedTime":1718932111416}},"C:\\Users\\IceyFox\\Desktop\\Harmony\\ArkTSComponents\\entry\\.preview\\default\\intermediates\\merge_profile\\default\\module.json":{"hashValue":"f60f69787a2134ea669becb8a81c0073","name":"module.json","path":"C:\\Users\\IceyFox\\Desktop\\Harmony\\ArkTSComponents\\entry\\.preview\\default\\intermediates\\merge_profile\\default\\module.json","type":"file","isSymbolicLink":false,"fileMetaData":{"size":1046,"lastModifiedTime":1718900496310}},"C:\\Users\\IceyFox\\Desktop\\Harmony\\ArkTSComponents\\entry\\.preview\\default\\intermediates\\loader\\default\\loader.json":{"hashValue":"f27df4591d8aba7db79c9b72c75048ed","name":"loader.json","path":"C:\\Users\\IceyFox\\Desktop\\Harmony\\ArkTSComponents\\entry\\.preview\\default\\intermediates\\loader\\default\\loader.json","type":"file","isSymbolicLink":false,"fileMetaData":{"size":408,"lastModifiedTime":1718900496314}},"C:\\Users\\IceyFox\\Desktop\\Harmony\\ArkTSComponents\\entry\\.preview\\default\\intermediates\\process_profile\\default\\module.json":{"hashValue":"dc5946be44945dae427dbf18599f5428","name":"module.json","path":"C:\\Users\\IceyFox\\Desktop\\Harmony\\ArkTSComponents\\entry\\.preview\\default\\intermediates\\process_profile\\default\\module.json","type":"file","isSymbolicLink":false,"fileMetaData":{"size":1131,"lastModifiedTime":1718900496380}},"C:\\Users\\IceyFox\\Desktop\\Harmony\\ArkTSComponents\\entry\\.preview\\default\\intermediates\\res\\default":{"hashValue":"67f1219f58ef51df0469b9bc71db5ce5","name":"default","path":"C:\\Users\\IceyFox\\Desktop\\Harmony\\ArkTSComponents\\entry\\.preview\\default\\intermediates\\res\\default","type":"directory","isSymbolicLink":false,"children":[{"hashValue":"2613c45d9b7e8a25336dbc64a489b3ee","name":"app_compiled","path":"C:\\Users\\IceyFox\\Desktop\\Harmony\\ArkTSComponents\\entry\\.preview\\default\\intermediates\\res\\default\\app_compiled","type":"directory","isSymbolicLink":false,"children":[{"hashValue":"e8d53f35cddd3e19d9728f060c16667c","name":"13584362076335598261","path":"C:\\Users\\IceyFox\\Desktop\\Harmony\\ArkTSComponents\\entry\\.preview\\default\\intermediates\\res\\default\\app_compiled\\13584362076335598261","type":"file","isSymbolicLink":false,"fileMetaData":{"size":222,"lastModifiedTime":1718905008554}},{"hashValue":"095764b4405ff8140051078c29b7eec6","name":"413900370209073742","path":"C:\\Users\\IceyFox\\Desktop\\Harmony\\ArkTSComponents\\entry\\.preview\\default\\intermediates\\res\\default\\app_compiled\\413900370209073742","type":"file","isSymbolicLink":false,"fileMetaData":{"size":143,"lastModifiedTime":1718905008554}}]},{"hashValue":"ba9f06b522bb6703568160c4f0cbf81a","name":"module_compiled","path":"C:\\Users\\IceyFox\\Desktop\\Harmony\\ArkTSComponents\\entry\\.preview\\default\\intermediates\\res\\default\\module_compiled","type":"directory","isSymbolicLink":false,"children":[{"hashValue":"459a0b70d80cf8da13b074605f57b575","name":"10305047797829138601","path":"C:\\Users\\IceyFox\\Desktop\\Harmony\\ArkTSComponents\\entry\\.preview\\default\\intermediates\\res\\default\\module_compiled\\10305047797829138601","type":"file","isSymbolicLink":false,"fileMetaData":{"size":228,"lastModifiedTime":1718905008593}},{"hashValue":"00e2500387a0c79d6922c0ae07556f70","name":"1096915758587014811","path":"C:\\Users\\IceyFox\\Desktop\\Harmony\\ArkTSComponents\\entry\\.preview\\default\\intermediates\\res\\default\\module_compiled\\1096915758587014811","type":"file","isSymbolicLink":false,"fileMetaData":{"size":225,"lastModifiedTime":1718905008585}},{"hashValue":"bbf60b1967f3ccbe0ba3506d082d9f78","name":"10973583260157355220","path":"C:\\Users\\IceyFox\\Desktop\\Harmony\\ArkTSComponents\\entry\\.preview\\default\\intermediates\\res\\default\\module_compiled\\10973583260157355220","type":"file","isSymbolicLink":false,"fileMetaData":{"size":2849,"lastModifiedTime":1718905008579}},{"hashValue":"fe743c5c253747dc4a89e0fbfdaaff5c","name":"11614047999349849153","path":"C:\\Users\\IceyFox\\Desktop\\Harmony\\ArkTSComponents\\entry\\.preview\\default\\intermediates\\res\\default\\module_compiled\\11614047999349849153","type":"file","isSymbolicLink":false,"fileMetaData":{"size":234,"lastModifiedTime":1718905008586}},{"hashValue":"8fa3a594383bb78466fc4c825b8cde94","name":"12583808978831964709","path":"C:\\Users\\IceyFox\\Desktop\\Harmony\\ArkTSComponents\\entry\\.preview\\default\\intermediates\\res\\default\\module_compiled\\12583808978831964709","type":"file","isSymbolicLink":false,"fileMetaData":{"size":249,"lastModifiedTime":1718905008589}},{"hashValue":"41a12ff738f71433e63a5bf7b7b95d29","name":"12869179393947518782","path":"C:\\Users\\IceyFox\\Desktop\\Harmony\\ArkTSComponents\\entry\\.preview\\default\\intermediates\\res\\default\\module_compiled\\12869179393947518782","type":"file","isSymbolicLink":false,"fileMetaData":{"size":261,"lastModifiedTime":1718905008586}},{"hashValue":"8c7fe4bc5442f4db7f519bdbc7c4a7f7","name":"12990598613904892685","path":"C:\\Users\\IceyFox\\Desktop\\Harmony\\ArkTSComponents\\entry\\.preview\\default\\intermediates\\res\\default\\module_compiled\\12990598613904892685","type":"file","isSymbolicLink":false,"fileMetaData":{"size":231,"lastModifiedTime":1718905008592}},{"hashValue":"7370b182d13ebcc019018a214ede7a9f","name":"13436654550368575931","path":"C:\\Users\\IceyFox\\Desktop\\Harmony\\ArkTSComponents\\entry\\.preview\\default\\intermediates\\res\\default\\module_compiled\\13436654550368575931","type":"file","isSymbolicLink":false,"fileMetaData":{"size":240,"lastModifiedTime":1718905008593}},{"hashValue":"5be701f18118830269ee32dd8b042bea","name":"13566630543949074998","path":"C:\\Users\\IceyFox\\Desktop\\Harmony\\ArkTSComponents\\entry\\.preview\\default\\intermediates\\res\\default\\module_compiled\\13566630543949074998","type":"file","isSymbolicLink":false,"fileMetaData":{"size":249,"lastModifiedTime":1718905008589}},{"hashValue":"a10806680a452376be9a6a0e4ff09fe2","name":"13573678132206769187","path":"C:\\Users\\IceyFox\\Desktop\\Harmony\\ArkTSComponents\\entry\\.preview\\default\\intermediates\\res\\default\\module_compiled\\13573678132206769187","type":"file","isSymbolicLink":false,"fileMetaData":{"size":222,"lastModifiedTime":1718905008590}},{"hashValue":"5b0744286f9f3b61322bc6e8a3b3044a","name":"13653921088314509224","path":"C:\\Users\\IceyFox\\Desktop\\Harmony\\ArkTSComponents\\entry\\.preview\\default\\intermediates\\res\\default\\module_compiled\\13653921088314509224","type":"file","isSymbolicLink":false,"fileMetaData":{"size":10094,"lastModifiedTime":1718905008596}},{"hashValue":"afd531e2d21d5e55a4c5507290c2f703","name":"13897809653363234104","path":"C:\\Users\\IceyFox\\Desktop\\Harmony\\ArkTSComponents\\entry\\.preview\\default\\intermediates\\res\\default\\module_compiled\\13897809653363234104","type":"file","isSymbolicLink":false,"fileMetaData":{"size":249,"lastModifiedTime":1718905008591}},{"hashValue":"822bf28ca31a023738c0d7200bbe9b42","name":"14260643015771810562","path":"C:\\Users\\IceyFox\\Desktop\\Harmony\\ArkTSComponents\\entry\\.preview\\default\\intermediates\\res\\default\\module_compiled\\14260643015771810562","type":"file","isSymbolicLink":false,"fileMetaData":{"size":222,"lastModifiedTime":1718905008587}},{"hashValue":"976e190554730c8cbe9bee39cd4629ee","name":"14434717273593085517","path":"C:\\Users\\IceyFox\\Desktop\\Harmony\\ArkTSComponents\\entry\\.preview\\default\\intermediates\\res\\default\\module_compiled\\14434717273593085517","type":"file","isSymbolicLink":false,"fileMetaData":{"size":249,"lastModifiedTime":1718905008588}},{"hashValue":"668af3b277d91ff25840b1f5639b3c6f","name":"14598253567190656980","path":"C:\\Users\\IceyFox\\Desktop\\Harmony\\ArkTSComponents\\entry\\.preview\\default\\intermediates\\res\\default\\module_compiled\\14598253567190656980","type":"file","isSymbolicLink":false,"fileMetaData":{"size":225,"lastModifiedTime":1718905008587}},{"hashValue":"2bc5bcc7a9f7021530f9776d36123b8a","name":"1488487511616486237","path":"C:\\Users\\IceyFox\\Desktop\\Harmony\\ArkTSComponents\\entry\\.preview\\default\\intermediates\\res\\default\\module_compiled\\1488487511616486237","type":"file","isSymbolicLink":false,"fileMetaData":{"size":10014,"lastModifiedTime":1718905008598}},{"hashValue":"0b86029f5ab941bc247fa2267b10eae6","name":"15175504962272251873","path":"C:\\Users\\IceyFox\\Desktop\\Harmony\\ArkTSComponents\\entry\\.preview\\default\\intermediates\\res\\default\\module_compiled\\15175504962272251873","type":"file","isSymbolicLink":false,"fileMetaData":{"size":228,"lastModifiedTime":1718905008585}},{"hashValue":"e73a652a3dfc162e4225ab4a99abf1d2","name":"15244125335991613808","path":"C:\\Users\\IceyFox\\Desktop\\Harmony\\ArkTSComponents\\entry\\.preview\\default\\intermediates\\res\\default\\module_compiled\\15244125335991613808","type":"file","isSymbolicLink":false,"fileMetaData":{"size":222,"lastModifiedTime":1718905008587}},{"hashValue":"75847d4eca9375b1d9f8b59128a58c72","name":"15375885955496749697","path":"C:\\Users\\IceyFox\\Desktop\\Harmony\\ArkTSComponents\\entry\\.preview\\default\\intermediates\\res\\default\\module_compiled\\15375885955496749697","type":"file","isSymbolicLink":false,"fileMetaData":{"size":243,"lastModifiedTime":1718905008588}},{"hashValue":"a7149d40183a1941c54bdb3136bd9f06","name":"15804950266958657263","path":"C:\\Users\\IceyFox\\Desktop\\Harmony\\ArkTSComponents\\entry\\.preview\\default\\intermediates\\res\\default\\module_compiled\\15804950266958657263","type":"file","isSymbolicLink":false,"fileMetaData":{"size":228,"lastModifiedTime":1718905008585}},{"hashValue":"90cbdfb0c7a68e3c9d98d0e5742ceb88","name":"16109673069680189504","path":"C:\\Users\\IceyFox\\Desktop\\Harmony\\ArkTSComponents\\entry\\.preview\\default\\intermediates\\res\\default\\module_compiled\\16109673069680189504","type":"file","isSymbolicLink":false,"fileMetaData":{"size":228,"lastModifiedTime":1718905008593}},{"hashValue":"78f7025595727b1269d89b7b36dfddfb","name":"16202688511956683842","path":"C:\\Users\\IceyFox\\Desktop\\Harmony\\ArkTSComponents\\entry\\.preview\\default\\intermediates\\res\\default\\module_compiled\\16202688511956683842","type":"file","isSymbolicLink":false,"fileMetaData":{"size":243,"lastModifiedTime":1718905008591}},{"hashValue":"74f267febc93b80147e750cea9f029a8","name":"1676906298063168894","path":"C:\\Users\\IceyFox\\Desktop\\Harmony\\ArkTSComponents\\entry\\.preview\\default\\intermediates\\res\\default\\module_compiled\\1676906298063168894","type":"file","isSymbolicLink":false,"fileMetaData":{"size":222,"lastModifiedTime":1718905008590}},{"hashValue":"62d155c9a15517cbb86ee966c1b42340","name":"16784690328358696799","path":"C:\\Users\\IceyFox\\Desktop\\Harmony\\ArkTSComponents\\entry\\.preview\\default\\intermediates\\res\\default\\module_compiled\\16784690328358696799","type":"file","isSymbolicLink":false,"fileMetaData":{"size":9032,"lastModifiedTime":1718905008582}},{"hashValue":"31672f11f4372b152446ee07295dc164","name":"16915033209389420939","path":"C:\\Users\\IceyFox\\Desktop\\Harmony\\ArkTSComponents\\entry\\.preview\\default\\intermediates\\res\\default\\module_compiled\\16915033209389420939","type":"file","isSymbolicLink":false,"fileMetaData":{"size":231,"lastModifiedTime":1718905008593}},{"hashValue":"cde7d290ec9310b7163a25c0e8912cc8","name":"17536464177979524598","path":"C:\\Users\\IceyFox\\Desktop\\Harmony\\ArkTSComponents\\entry\\.preview\\default\\intermediates\\res\\default\\module_compiled\\17536464177979524598","type":"file","isSymbolicLink":false,"fileMetaData":{"size":219,"lastModifiedTime":1718905008594}},{"hashValue":"938d7d879a5bda609606535a2389a5bb","name":"17576564294184796964","path":"C:\\Users\\IceyFox\\Desktop\\Harmony\\ArkTSComponents\\entry\\.preview\\default\\intermediates\\res\\default\\module_compiled\\17576564294184796964","type":"file","isSymbolicLink":false,"fileMetaData":{"size":225,"lastModifiedTime":1718905008584}},{"hashValue":"b25104af0b1f106db82c8d49f0715f0e","name":"17913223409576496469","path":"C:\\Users\\IceyFox\\Desktop\\Harmony\\ArkTSComponents\\entry\\.preview\\default\\intermediates\\res\\default\\module_compiled\\17913223409576496469","type":"file","isSymbolicLink":false,"fileMetaData":{"size":222,"lastModifiedTime":1718905008592}},{"hashValue":"411e2b5299cc86896e33abe7e9796f18","name":"18007658149130807232","path":"C:\\Users\\IceyFox\\Desktop\\Harmony\\ArkTSComponents\\entry\\.preview\\default\\intermediates\\res\\default\\module_compiled\\18007658149130807232","type":"file","isSymbolicLink":false,"fileMetaData":{"size":234,"lastModifiedTime":1718905008593}},{"hashValue":"87ffd6a2627462413b1d95e23777e9d9","name":"2225774016363418358","path":"C:\\Users\\IceyFox\\Desktop\\Harmony\\ArkTSComponents\\entry\\.preview\\default\\intermediates\\res\\default\\module_compiled\\2225774016363418358","type":"file","isSymbolicLink":false,"fileMetaData":{"size":231,"lastModifiedTime":1718905008584}},{"hashValue":"14a814be2da4c81df8c52a4ad33134c9","name":"387203685606165590","path":"C:\\Users\\IceyFox\\Desktop\\Harmony\\ArkTSComponents\\entry\\.preview\\default\\intermediates\\res\\default\\module_compiled\\387203685606165590","type":"file","isSymbolicLink":false,"fileMetaData":{"size":249,"lastModifiedTime":1718905008589}},{"hashValue":"b6a3706ff9080287e2187131c5adfaa4","name":"4011348916634700060","path":"C:\\Users\\IceyFox\\Desktop\\Harmony\\ArkTSComponents\\entry\\.preview\\default\\intermediates\\res\\default\\module_compiled\\4011348916634700060","type":"file","isSymbolicLink":false,"fileMetaData":{"size":222,"lastModifiedTime":1718905008592}},{"hashValue":"92386e5bf44bd50e5e9ef1698c3720a5","name":"4977293751348849889","path":"C:\\Users\\IceyFox\\Desktop\\Harmony\\ArkTSComponents\\entry\\.preview\\default\\intermediates\\res\\default\\module_compiled\\4977293751348849889","type":"file","isSymbolicLink":false,"fileMetaData":{"size":225,"lastModifiedTime":1718905008585}},{"hashValue":"bbbd4d6635db2cecbe1ac28046700529","name":"5197334787192525966","path":"C:\\Users\\IceyFox\\Desktop\\Harmony\\ArkTSComponents\\entry\\.preview\\default\\intermediates\\res\\default\\module_compiled\\5197334787192525966","type":"file","isSymbolicLink":false,"fileMetaData":{"size":219,"lastModifiedTime":1718905008591}},{"hashValue":"7d9f7a0b40cb6757fc6c911dd5da6710","name":"5287566816222821796","path":"C:\\Users\\IceyFox\\Desktop\\Harmony\\ArkTSComponents\\entry\\.preview\\default\\intermediates\\res\\default\\module_compiled\\5287566816222821796","type":"file","isSymbolicLink":false,"fileMetaData":{"size":247,"lastModifiedTime":1718905008595}},{"hashValue":"a400535d8179ab2a04e7a977ffc50727","name":"5413420232942615459","path":"C:\\Users\\IceyFox\\Desktop\\Harmony\\ArkTSComponents\\entry\\.preview\\default\\intermediates\\res\\default\\module_compiled\\5413420232942615459","type":"file","isSymbolicLink":false,"fileMetaData":{"size":231,"lastModifiedTime":1718905008590}},{"hashValue":"b6ed2118c7329d5975b5d3cf60f038bc","name":"6036555956061491236","path":"C:\\Users\\IceyFox\\Desktop\\Harmony\\ArkTSComponents\\entry\\.preview\\default\\intermediates\\res\\default\\module_compiled\\6036555956061491236","type":"file","isSymbolicLink":false,"fileMetaData":{"size":222,"lastModifiedTime":1718905008587}},{"hashValue":"e2f42e12932d6752f93e9b2fec579f23","name":"6123750457433267321","path":"C:\\Users\\IceyFox\\Desktop\\Harmony\\ArkTSComponents\\entry\\.preview\\default\\intermediates\\res\\default\\module_compiled\\6123750457433267321","type":"file","isSymbolicLink":false,"fileMetaData":{"size":231,"lastModifiedTime":1718905008594}},{"hashValue":"139415d582326d4329d94c8add2ccdd2","name":"668739653102494106","path":"C:\\Users\\IceyFox\\Desktop\\Harmony\\ArkTSComponents\\entry\\.preview\\default\\intermediates\\res\\default\\module_compiled\\668739653102494106","type":"file","isSymbolicLink":false,"fileMetaData":{"size":222,"lastModifiedTime":1718905008587}},{"hashValue":"8e333864ed5ef12990bfd107b1d4f801","name":"7499249322925575741","path":"C:\\Users\\IceyFox\\Desktop\\Harmony\\ArkTSComponents\\entry\\.preview\\default\\intermediates\\res\\default\\module_compiled\\7499249322925575741","type":"file","isSymbolicLink":false,"fileMetaData":{"size":222,"lastModifiedTime":1718905008588}},{"hashValue":"d2b8b7ee8b1c9b1acf322f5f36d18009","name":"7698751638955179187","path":"C:\\Users\\IceyFox\\Desktop\\Harmony\\ArkTSComponents\\entry\\.preview\\default\\intermediates\\res\\default\\module_compiled\\7698751638955179187","type":"file","isSymbolicLink":false,"fileMetaData":{"size":228,"lastModifiedTime":1718905008594}},{"hashValue":"5522c520157a2f0d9f118f5e54d6e1b4","name":"8752039150263771451","path":"C:\\Users\\IceyFox\\Desktop\\Harmony\\ArkTSComponents\\entry\\.preview\\default\\intermediates\\res\\default\\module_compiled\\8752039150263771451","type":"file","isSymbolicLink":false,"fileMetaData":{"size":222,"lastModifiedTime":1718905008590}},{"hashValue":"af5220635124c604960c47e84ce9f41d","name":"8839143895616283036","path":"C:\\Users\\IceyFox\\Desktop\\Harmony\\ArkTSComponents\\entry\\.preview\\default\\intermediates\\res\\default\\module_compiled\\8839143895616283036","type":"file","isSymbolicLink":false,"fileMetaData":{"size":222,"lastModifiedTime":1718905008586}},{"hashValue":"e05043366ac4fca732034fbb4da3aa00","name":"8981286485790441823","path":"C:\\Users\\IceyFox\\Desktop\\Harmony\\ArkTSComponents\\entry\\.preview\\default\\intermediates\\res\\default\\module_compiled\\8981286485790441823","type":"file","isSymbolicLink":false,"fileMetaData":{"size":10728,"lastModifiedTime":1718905008580}},{"hashValue":"1e7785630638cebfe96632000fe83f73","name":"9260631202969449733","path":"C:\\Users\\IceyFox\\Desktop\\Harmony\\ArkTSComponents\\entry\\.preview\\default\\intermediates\\res\\default\\module_compiled\\9260631202969449733","type":"file","isSymbolicLink":false,"fileMetaData":{"size":255,"lastModifiedTime":1718905008586}}]},{"hashValue":"2fc7f7c3d6f72af60773bdbff48c2edb","name":"module.json","path":"C:\\Users\\IceyFox\\Desktop\\Harmony\\ArkTSComponents\\entry\\.preview\\default\\intermediates\\res\\default\\module.json","type":"file","isSymbolicLink":false,"fileMetaData":{"size":2023,"lastModifiedTime":1718905008644}},{"hashValue":"e7db0f0d32915a708b290a8c92efaf9d","name":"resources","path":"C:\\Users\\IceyFox\\Desktop\\Harmony\\ArkTSComponents\\entry\\.preview\\default\\intermediates\\res\\default\\resources","type":"directory","isSymbolicLink":false,"children":[{"hashValue":"8a8e45685f630d2971d66a1db2388ca1","name":"base","path":"C:\\Users\\IceyFox\\Desktop\\Harmony\\ArkTSComponents\\entry\\.preview\\default\\intermediates\\res\\default\\resources\\base","type":"directory","isSymbolicLink":false,"children":[{"hashValue":"cee81c409623b01358a07fd0e1679866","name":"profile","path":"C:\\Users\\IceyFox\\Desktop\\Harmony\\ArkTSComponents\\entry\\.preview\\default\\intermediates\\res\\default\\resources\\base\\profile","type":"directory","isSymbolicLink":false,"children":[{"hashValue":"c9923fe80685dcc7496471840a666792","name":"main_pages.json","path":"C:\\Users\\IceyFox\\Desktop\\Harmony\\ArkTSComponents\\entry\\.preview\\default\\intermediates\\res\\default\\resources\\base\\profile\\main_pages.json","type":"file","isSymbolicLink":false,"fileMetaData":{"size":78,"lastModifiedTime":1718905012061}}]}]}]},{"hashValue":"eb314b05113501d2f23e8f6a34a0d21f","name":"resources.index","path":"C:\\Users\\IceyFox\\Desktop\\Harmony\\ArkTSComponents\\entry\\.preview\\default\\intermediates\\res\\default\\resources.index","type":"file","isSymbolicLink":false,"fileMetaData":{"size":19427,"lastModifiedTime":1718905008643}},{"hashValue":"ffd7a659f512b8ebe5867f23a6d4ae7b","name":"ResourceTable.txt","path":"C:\\Users\\IceyFox\\Desktop\\Harmony\\ArkTSComponents\\entry\\.preview\\default\\intermediates\\res\\default\\ResourceTable.txt","type":"file","isSymbolicLink":false,"fileMetaData":{"size":6370,"lastModifiedTime":1718905008646}}]},"C:\\Users\\IceyFox\\Desktop\\Harmony\\ArkTSComponents\\entry\\.preview\\default\\generated\\r\\default\\ResourceTable.h":{"hashValue":"b9191364daf6c7d5aa91a8db99448151","name":"ResourceTable.h","path":"C:\\Users\\IceyFox\\Desktop\\Harmony\\ArkTSComponents\\entry\\.preview\\default\\generated\\r\\default\\ResourceTable.h","type":"file","isSymbolicLink":false,"fileMetaData":{"size":10323,"lastModifiedTime":1718905008645}},"C:\\Users\\IceyFox\\Desktop\\Harmony\\ArkTSComponents\\entry\\.preview\\default\\generated\\r\\default":{"hashValue":"c4ea5b37ddf9f56c83c973cb7aff2075","name":"default","path":"C:\\Users\\IceyFox\\Desktop\\Harmony\\ArkTSComponents\\entry\\.preview\\default\\generated\\r\\default","type":"directory","isSymbolicLink":false,"children":[{"hashValue":"b9191364daf6c7d5aa91a8db99448151","name":"ResourceTable.h","path":"C:\\Users\\IceyFox\\Desktop\\Harmony\\ArkTSComponents\\entry\\.preview\\default\\generated\\r\\default\\ResourceTable.h","type":"file","isSymbolicLink":false,"fileMetaData":{"size":10323,"lastModifiedTime":1718905008645}}]},"C:\\Users\\IceyFox\\Desktop\\Harmony\\ArkTSComponents\\entry\\.preview\\config\\buildConfig.json":{"hashValue":"7a570bd6b0f8043fdc41bb6a4a3af678","name":"buildConfig.json","path":"C:\\Users\\IceyFox\\Desktop\\Harmony\\ArkTSComponents\\entry\\.preview\\config\\buildConfig.json","type":"file","isSymbolicLink":false,"fileMetaData":{"size":2026,"lastModifiedTime":1718905094313}},"C:\\Users\\IceyFox\\Desktop\\Harmony\\ArkTSComponents\\entry\\.preview\\default\\intermediates\\res\\default\\module.json":{"hashValue":"2fc7f7c3d6f72af60773bdbff48c2edb","name":"module.json","path":"C:\\Users\\IceyFox\\Desktop\\Harmony\\ArkTSComponents\\entry\\.preview\\default\\intermediates\\res\\default\\module.json","type":"file","isSymbolicLink":false,"fileMetaData":{"size":2023,"lastModifiedTime":1718905008644}},"C:\\Users\\IceyFox\\Desktop\\Harmony\\ArkTSComponents\\entry\\.preview\\default\\intermediates\\res\\default\\resources\\base\\profile\\main_pages.json":{"hashValue":"ed43f02cf907798ac022d8cd62e2b044","name":"main_pages.json","path":"C:\\Users\\IceyFox\\Desktop\\Harmony\\ArkTSComponents\\entry\\.preview\\default\\intermediates\\res\\default\\resources\\base\\profile\\main_pages.json","type":"file","isSymbolicLink":false,"fileMetaData":{"size":78,"lastModifiedTime":1718905098275}},"C:\\Users\\IceyFox\\Desktop\\Harmony\\ArkTSComponents\\entry\\.preview\\default\\intermediates\\loader\\default":{"hashValue":"56b59bcf92b9091d37313e7a4daaf092","name":"default","path":"C:\\Users\\IceyFox\\Desktop\\Harmony\\ArkTSComponents\\entry\\.preview\\default\\intermediates\\loader\\default","type":"directory","isSymbolicLink":false,"children":[{"hashValue":"f27df4591d8aba7db79c9b72c75048ed","name":"loader.json","path":"C:\\Users\\IceyFox\\Desktop\\Harmony\\ArkTSComponents\\entry\\.preview\\default\\intermediates\\loader\\default\\loader.json","type":"file","isSymbolicLink":false,"fileMetaData":{"size":408,"lastModifiedTime":1718900496314}}]},"C:\\Users\\IceyFox\\Desktop\\Harmony\\ArkTSComponents\\entry\\.preview\\default\\intermediates\\res\\default\\ResourceTable.txt":{"hashValue":"ffd7a659f512b8ebe5867f23a6d4ae7b","name":"ResourceTable.txt","path":"C:\\Users\\IceyFox\\Desktop\\Harmony\\ArkTSComponents\\entry\\.preview\\default\\intermediates\\res\\default\\ResourceTable.txt","type":"file","isSymbolicLink":false,"fileMetaData":{"size":6370,"lastModifiedTime":1718905008646}},"C:\\Users\\IceyFox\\Desktop\\Harmony\\ArkTSComponents\\entry\\.preview\\default\\intermediates\\res\\default\\resources\\base\\profile":{"hashValue":"66e3e86e6b6afcb610c1679db4273d66","name":"profile","path":"C:\\Users\\IceyFox\\Desktop\\Harmony\\ArkTSComponents\\entry\\.preview\\default\\intermediates\\res\\default\\resources\\base\\profile","type":"directory","isSymbolicLink":false,"children":[{"hashValue":"857fad9df0fe5dfb5bb5186b5fd6e1b6","name":"main_pages.json","path":"C:\\Users\\IceyFox\\Desktop\\Harmony\\ArkTSComponents\\entry\\.preview\\default\\intermediates\\res\\default\\resources\\base\\profile\\main_pages.json","type":"file","isSymbolicLink":false,"fileMetaData":{"size":78,"lastModifiedTime":1718905094824}}]},"C:\\Users\\IceyFox\\Desktop\\Harmony\\ArkTSComponents\\entry\\build\\default\\intermediates\\loader_out\\default\\js":{"hashValue":"","name":"emptyroot","path":"","type":"unknown","isSymbolicLink":false,"children":[]},"C:\\Users\\IceyFox\\Desktop\\Harmony\\ArkTSComponents\\entry\\build\\default\\outputs\\default\\entry-default-signed.hap":{"hashValue":"","name":"emptyroot","path":"","type":"unknown","isSymbolicLink":false,"children":[]}}