{":ArkTSComponents:entry:default@PreBuild":{"_inputs":[{"dataType":"ValueEntry","value":"{\"_name\":\"BUILTIN_TASK_COMMAND\",\"_value\":\"\",\"_valueType\":\"string\",\"_hash\":\"0b5d05294fdf4e78e8482ef53eb64ac0\"}"},{"dataType":"ValueEntry","value":"{\"_name\":\"BUILTIN_TASK_ENV\",\"_value\":\"\",\"_valueType\":\"string\",\"_hash\":\"cdcdc2ec8062ca9ec1de46dbf2bbc053\"}"},{"dataType":"ValueEntry","value":"{\"_name\":\"BUILTIN_TASK_TOOLCHAIN\",\"_value\":\"\",\"_valueType\":\"string\",\"_hash\":\"e7f94a9422a8bc317a7d90b58efcb5f6\"}"},{"dataType":"ValueEntry","value":"{\"_name\":\"apiType\",\"_value\":\"stageMode\",\"_valueType\":\"string\",\"_hash\":\"699c7565645ea3ea8c88551a4926a3d5\"}"},{"dataType":"ValueEntry","value":"{\"_name\":\"codeType\",\"_value\":true,\"_valueType\":\"boolean\",\"_hash\":\"d6dcf21a9f078b661283507536e57ce8\"}"},{"dataType":"ValueEntry","value":"{\"_name\":\"compatibleApiVersion\",\"_value\":9,\"_valueType\":\"number\",\"_hash\":\"8f14da7cda665d5f6676adf8a127634f\"}"},{"dataType":"ValueEntry","value":"{\"_name\":\"compileApiVersion\",\"_value\":9,\"_valueType\":\"number\",\"_hash\":\"cdd5413832c7470f85f225c67a87a683\"}"},{"dataType":"ValueEntry","value":"{\"_name\":\"deviceType\",\"_value\":[\"phone\"],\"_valueType\":\"object\",\"_hash\":\"37e6ac899555898537e20cfb8a24f9e1\"}"},{"dataType":"ValueEntry","value":"{\"_name\":\"isSupportOhpmProj\",\"_value\":true,\"_valueType\":\"boolean\",\"_hash\":\"f3a249d7e3f751316e931b8a08b074b4\"}"},{"dataType":"ValueEntry","value":"{\"_name\":\"profileModuleName\",\"_value\":\"entry\",\"_valueType\":\"string\",\"_hash\":\"b174ea6ff5824844dde5ad92f6b3ef2b\"}"},{"dataType":"ValueEntry","value":"{\"_name\":\"sdkToolchainsComponentVersion\",\"_value\":\"3.2.12.5\",\"_valueType\":\"string\",\"_hash\":\"cc722e03b3384cc9b37c649e4134fc99\"}"},{"dataType":"ValueEntry","value":"{\"_name\":\"targetStatusCode\",\"_value\":2,\"_valueType\":\"number\",\"_hash\":\"5a9255c0f4ee50904a9349ebafca8369\"}"}],"_successful":true,"_projectName":"ArkTSComponents","_moduleName":"entry","_taskName":"default@PreBuild","_key":":ArkTSComponents:entry:default@PreBuild","_executionId":":ArkTSComponents:entry:default@PreBuild:1718118913642","_inputFiles":{"dataType":"Map","value":[["C:\\Users\\IceyFox\\Desktop\\Harmony\\ArkTSComponents\\AppScope\\app.json5",{"isDirectory":false,"fileSnapShotHashValue":"40cefd7b3927b7093912b25e19d0de6d"}],["C:\\Users\\IceyFox\\Desktop\\Harmony\\ArkTSComponents\\entry\\src\\main\\module.json5",{"isDirectory":false,"fileSnapShotHashValue":"1745519a4528d1cbb410a18d5dad5d81"}]]},"_outputFiles":{"dataType":"Map","value":[]}},":ArkTSComponents:entry:default@GenerateMetadata":{"_inputs":[{"dataType":"ValueEntry","value":"{\"_name\":\"BUILTIN_TASK_COMMAND\",\"_value\":\"\",\"_valueType\":\"string\",\"_hash\":\"0b5d05294fdf4e78e8482ef53eb64ac0\"}"},{"dataType":"ValueEntry","value":"{\"_name\":\"BUILTIN_TASK_ENV\",\"_value\":\"\",\"_valueType\":\"string\",\"_hash\":\"cdcdc2ec8062ca9ec1de46dbf2bbc053\"}"},{"dataType":"ValueEntry","value":"{\"_name\":\"BUILTIN_TASK_TOOLCHAIN\",\"_value\":\"\",\"_valueType\":\"string\",\"_hash\":\"e7f94a9422a8bc317a7d90b58efcb5f6\"}"},{"dataType":"ValueEntry","value":"{\"_name\":\"entryModules\",\"_value\":[],\"_valueType\":\"object\",\"_hash\":\"aea18c73616ef065de1f5734ffcfeacd\"}"},{"dataType":"ValueEntry","value":"{\"_name\":\"existSigningConfig\",\"_value\":false,\"_valueType\":\"boolean\",\"_hash\":\"1577ffedb088f641d0438ac50d5978d5\"}"},{"dataType":"ValueEntry","value":"{\"_name\":\"moduleDeviceType\",\"_value\":[\"phone\"],\"_valueType\":\"object\",\"_hash\":\"3f93975c15ec351ec6caae218df12d0f\"}"},{"dataType":"ValueEntry","value":"{\"_name\":\"product\",\"_value\":\"default\",\"_valueType\":\"string\",\"_hash\":\"c78efd675257060e500cc4a185c4a166\"}"},{"dataType":"ValueEntry","value":"{\"_name\":\"sdkToolchainsComponentVersion\",\"_value\":\"3.2.12.5\",\"_valueType\":\"string\",\"_hash\":\"cc722e03b3384cc9b37c649e4134fc99\"}"},{"dataType":"ValueEntry","value":"{\"_name\":\"targetConfig\",\"_value\":\"{\\\"name\\\":\\\"default\\\",\\\"runtimeOS\\\":\\\"HarmonyOS\\\"}\",\"_valueType\":\"string\",\"_hash\":\"96bcd83382fb082c731eedf7bc0cf1dc\"}"}],"_successful":true,"_projectName":"ArkTSComponents","_moduleName":"entry","_taskName":"default@GenerateMetadata","_key":":ArkTSComponents:entry:default@GenerateMetadata","_executionId":":ArkTSComponents:entry:default@GenerateMetadata:1718118913765","_inputFiles":{"dataType":"Map","value":[["C:\\Users\\IceyFox\\Desktop\\Harmony\\ArkTSComponents\\entry\\src\\main\\module.json5",{"fileSnapShotHashValue":"1745519a4528d1cbb410a18d5dad5d81"}]]},"_outputFiles":{"dataType":"Map","value":[["C:\\Users\\IceyFox\\Desktop\\Harmony\\ArkTSComponents\\entry\\build\\default\\intermediates\\hap_metadata\\default\\output_metadata.json",{"fileSnapShotHashValue":"e1f3dc1e6a187ddecd0cd76a46151498"}]]}},":ArkTSComponents:entry:default@MergeProfile":{"_inputs":[{"dataType":"ValueEntry","value":"{\"_name\":\"BUILTIN_TASK_COMMAND\",\"_value\":\"\",\"_valueType\":\"string\",\"_hash\":\"0b5d05294fdf4e78e8482ef53eb64ac0\"}"},{"dataType":"ValueEntry","value":"{\"_name\":\"BUILTIN_TASK_ENV\",\"_value\":\"\",\"_valueType\":\"string\",\"_hash\":\"cdcdc2ec8062ca9ec1de46dbf2bbc053\"}"},{"dataType":"ValueEntry","value":"{\"_name\":\"BUILTIN_TASK_TOOLCHAIN\",\"_value\":\"\",\"_valueType\":\"string\",\"_hash\":\"e7f94a9422a8bc317a7d90b58efcb5f6\"}"},{"dataType":"ValueEntry","value":"{\"_name\":\"asanEnable\",\"_value\":false,\"_valueType\":\"boolean\",\"_hash\":\"bc2129ba20a21b7e5234139ede1b4d7b\"}"},{"dataType":"ValueEntry","value":"{\"_name\":\"buildRoot\",\"_value\":\"build\",\"_valueType\":\"string\",\"_hash\":\"4c2dd7bb7507f74001ec27f2936db7f9\"}"},{"dataType":"ValueEntry","value":"{\"_name\":\"compatibleSdkVersion\",\"_value\":9,\"_valueType\":\"number\",\"_hash\":\"789a8631987a2e2b1a03b001c78d0180\"}"},{"dataType":"ValueEntry","value":"{\"_name\":\"isDebug\",\"_value\":true,\"_valueType\":\"boolean\",\"_hash\":\"edbf05a2d2be2c385e75d9565a48d419\"}"},{"dataType":"ValueEntry","value":"{\"_name\":\"isHarModule\",\"_value\":false,\"_valueType\":\"boolean\",\"_hash\":\"a15b7a3ed818faa99a4a10d67f52cb72\"}"},{"dataType":"ValueEntry","value":"{\"_name\":\"multiProjects\",\"_value\":false,\"_valueType\":\"boolean\",\"_hash\":\"555604752defc243b4e4c55d1549fc06\"}"},{"dataType":"ValueEntry","value":"{\"_name\":\"releaseType\",\"_value\":\"Release\",\"_valueType\":\"string\",\"_hash\":\"bbcabdda034e97584f8c36f85b3ec517\"}"},{"dataType":"ValueEntry","value":"{\"_name\":\"targetSdkVersion\",\"_value\":9,\"_valueType\":\"number\",\"_hash\":\"09b2bdc967d8b97f7b9bf4f19735497e\"}"}],"_successful":true,"_projectName":"ArkTSComponents","_moduleName":"entry","_taskName":"default@MergeProfile","_key":":ArkTSComponents:entry:default@MergeProfile","_executionId":":ArkTSComponents:entry:default@MergeProfile:1718932094037","_inputFiles":{"dataType":"Map","value":[["C:\\Users\\IceyFox\\Desktop\\Harmony\\ArkTSComponents\\AppScope\\app.json5",{"fileSnapShotHashValue":"40cefd7b3927b7093912b25e19d0de6d"}],["C:\\Users\\IceyFox\\Desktop\\Harmony\\ArkTSComponents\\entry\\src\\main\\module.json5",{"fileSnapShotHashValue":"1745519a4528d1cbb410a18d5dad5d81"}]]},"_outputFiles":{"dataType":"Map","value":[["C:\\Users\\IceyFox\\Desktop\\Harmony\\ArkTSComponents\\entry\\build\\default\\intermediates\\merge_profile\\default\\module.json",{"fileSnapShotHashValue":"e7fb46c85e8210c3702da34e528022dc"}]]}},":ArkTSComponents:entry:default@GenerateLoaderJson":{"_inputs":[{"dataType":"ValueEntry","value":"{\"_name\":\"BUILTIN_TASK_COMMAND\",\"_value\":\"\",\"_valueType\":\"string\",\"_hash\":\"0b5d05294fdf4e78e8482ef53eb64ac0\"}"},{"dataType":"ValueEntry","value":"{\"_name\":\"BUILTIN_TASK_ENV\",\"_value\":\"\",\"_valueType\":\"string\",\"_hash\":\"cdcdc2ec8062ca9ec1de46dbf2bbc053\"}"},{"dataType":"ValueEntry","value":"{\"_name\":\"BUILTIN_TASK_TOOLCHAIN\",\"_value\":\"\",\"_valueType\":\"string\",\"_hash\":\"e7f94a9422a8bc317a7d90b58efcb5f6\"}"},{"dataType":"ValueEntry","value":"{\"_name\":\"aotCompileMode\",\"_value\":\"\",\"_valueType\":\"string\",\"_hash\":\"31b66e9c596cc61cb06cdecc08aaeb6c\"}"},{"dataType":"ValueEntry","value":"{\"_name\":\"apPath\",\"_value\":\"\",\"_valueType\":\"string\",\"_hash\":\"dabe59b8be9f1396c43dc319521a0027\"}"},{"dataType":"ValueEntry","value":"{\"_name\":\"compileMode\",\"_value\":\"esmodule\",\"_valueType\":\"string\",\"_hash\":\"dacafc8e0b77a950178a0b4d142dc32c\"}"},{"dataType":"ValueEntry","value":"{\"_name\":\"harNameOhmMap\",\"_value\":\"{}\",\"_valueType\":\"string\",\"_hash\":\"0faf006bccbcdc2c7f04ff2d8c87894f\"}"},{"dataType":"ValueEntry","value":"{\"_name\":\"modulePathMap\",\"_value\":\"{\\\"entry\\\":\\\"C:\\\\\\\\Users\\\\\\\\IceyFox\\\\\\\\Desktop\\\\\\\\Harmony\\\\\\\\ArkTSComponents\\\\\\\\entry\\\"}\",\"_valueType\":\"string\",\"_hash\":\"02ce2326532722a5d1cfc767693ecfe3\"}"},{"dataType":"ValueEntry","value":"{\"_name\":\"nodeModulesPath\",\"_value\":\"C:\\\\Users\\\\IceyFox\\\\Desktop\\\\Harmony\\\\ArkTSComponents\\\\entry\\\\build\\\\default\\\\intermediates\\\\loader_out\\\\default\\\\node_modules\",\"_valueType\":\"string\",\"_hash\":\"0486839586905593bbf46be3cce8d8e5\"}"},{"dataType":"ValueEntry","value":"{\"_name\":\"projectRootPath\",\"_value\":\"C:\\\\Users\\\\IceyFox\\\\Desktop\\\\Harmony\\\\ArkTSComponents\",\"_valueType\":\"string\",\"_hash\":\"e5a7888d96882c59bea3b90c03043e59\"}"},{"dataType":"ValueEntry","value":"{\"_name\":\"targetConfig\",\"_value\":\"{\\\"name\\\":\\\"default\\\",\\\"runtimeOS\\\":\\\"HarmonyOS\\\"}\",\"_valueType\":\"string\",\"_hash\":\"96bcd83382fb082c731eedf7bc0cf1dc\"}"}],"_successful":true,"_projectName":"ArkTSComponents","_moduleName":"entry","_taskName":"default@GenerateLoaderJson","_key":":ArkTSComponents:entry:default@GenerateLoaderJson","_executionId":":ArkTSComponents:entry:default@GenerateLoaderJson:1718932094047","_inputFiles":{"dataType":"Map","value":[]},"_outputFiles":{"dataType":"Map","value":[["C:\\Users\\IceyFox\\Desktop\\Harmony\\ArkTSComponents\\entry\\build\\default\\intermediates\\loader\\default\\loader.json",{"isDirectory":false,"fileSnapShotHashValue":"7ef78aa81c61dde248128364c5a29700"}]]}},":ArkTSComponents:entry:default@MakePackInfo":{"_inputs":[{"dataType":"ValueEntry","value":"{\"_name\":\"BUILTIN_TASK_COMMAND\",\"_value\":\"\",\"_valueType\":\"string\",\"_hash\":\"0b5d05294fdf4e78e8482ef53eb64ac0\"}"},{"dataType":"ValueEntry","value":"{\"_name\":\"BUILTIN_TASK_ENV\",\"_value\":\"\",\"_valueType\":\"string\",\"_hash\":\"cdcdc2ec8062ca9ec1de46dbf2bbc053\"}"},{"dataType":"ValueEntry","value":"{\"_name\":\"BUILTIN_TASK_TOOLCHAIN\",\"_value\":\"\",\"_valueType\":\"string\",\"_hash\":\"e7f94a9422a8bc317a7d90b58efcb5f6\"}"},{"dataType":"ValueEntry","value":"{\"_name\":\"compatibleSdkVersion\",\"_value\":9,\"_valueType\":\"number\",\"_hash\":\"789a8631987a2e2b1a03b001c78d0180\"}"},{"dataType":"ValueEntry","value":"{\"_name\":\"compileSdkVersion\",\"_value\":9,\"_valueType\":\"number\",\"_hash\":\"3d4d5df63426ff238569b8e54a6b76e3\"}"},{"dataType":"ValueEntry","value":"{\"_name\":\"deviceTypes\",\"_value\":[\"phone\"],\"_valueType\":\"object\",\"_hash\":\"bad57feb108b0c386255b211cb9b3622\"}"},{"dataType":"ValueEntry","value":"{\"_name\":\"releaseType\",\"_value\":\"Release\",\"_valueType\":\"string\",\"_hash\":\"bbcabdda034e97584f8c36f85b3ec517\"}"}],"_successful":true,"_projectName":"ArkTSComponents","_moduleName":"entry","_taskName":"default@MakePackInfo","_key":":ArkTSComponents:entry:default@MakePackInfo","_executionId":":ArkTSComponents:entry:default@MakePackInfo:1718118913788","_inputFiles":{"dataType":"Map","value":[["C:\\Users\\IceyFox\\Desktop\\Harmony\\ArkTSComponents\\AppScope\\app.json5",{"fileSnapShotHashValue":"40cefd7b3927b7093912b25e19d0de6d"}],["C:\\Users\\IceyFox\\Desktop\\Harmony\\ArkTSComponents\\entry\\src\\main\\module.json5",{"fileSnapShotHashValue":"1745519a4528d1cbb410a18d5dad5d81"}]]},"_outputFiles":{"dataType":"Map","value":[["C:\\Users\\IceyFox\\Desktop\\Harmony\\ArkTSComponents\\entry\\build\\default\\outputs\\default\\pack.info",{"fileSnapShotHashValue":"ab9c78d3f03116fe6f7a94b3bc24bd7f"}]]}},":ArkTSComponents:entry:default@ProcessProfile":{"_inputs":[{"dataType":"ValueEntry","value":"{\"_name\":\"arkEnable\",\"_value\":true,\"_valueType\":\"boolean\"}"},{"dataType":"ValueEntry","value":"{\"_name\":\"compileMode\",\"_value\":\"esmodule\",\"_valueType\":\"string\"}"},{"dataType":"ValueEntry","value":"{\"_name\":\"deviceTypes\",\"_value\":[\"phone\"],\"_valueType\":\"object\"}"},{"dataType":"ValueEntry","value":"{\"_name\":\"dependency\",\"_value\":\"[]\",\"_valueType\":\"string\"}"},{"dataType":"ValueEntry","value":"{\"_name\":\"BUILTIN_TASK_COMMAND\",\"_value\":\"\",\"_valueType\":\"string\"}"},{"dataType":"ValueEntry","value":"{\"_name\":\"BUILTIN_TASK_TOOLCHAIN\",\"_value\":\"\",\"_valueType\":\"string\"}"},{"dataType":"ValueEntry","value":"{\"_name\":\"BUILTIN_TASK_ENV\",\"_value\":\"\",\"_valueType\":\"string\"}"}],"_successful":true,"_projectName":"ArkTSComponents","_moduleName":"entry","_taskName":"default@ProcessProfile","_key":":ArkTSComponents:entry:default@ProcessProfile","_executionId":":ArkTSComponents:entry:default@ProcessProfile:1718932094062","_inputFiles":{"dataType":"Map","value":[["C:\\Users\\IceyFox\\Desktop\\Harmony\\ArkTSComponents\\entry\\build\\default\\intermediates\\merge_profile\\default\\module.json",{"fileSnapShotHashValue":"e7fb46c85e8210c3702da34e528022dc"}]]},"_outputFiles":{"dataType":"Map","value":[["C:\\Users\\IceyFox\\Desktop\\Harmony\\ArkTSComponents\\entry\\build\\default\\intermediates\\process_profile\\default\\module.json",{"fileSnapShotHashValue":"f548468bccba462877f413f4412f0c95"}]]}},":ArkTSComponents:entry:default@ProcessResource":{"_inputs":[{"dataType":"ValueEntry","value":"{\"_name\":\"BUILTIN_TASK_COMMAND\",\"_value\":\"\",\"_valueType\":\"string\",\"_hash\":\"0b5d05294fdf4e78e8482ef53eb64ac0\"}"},{"dataType":"ValueEntry","value":"{\"_name\":\"BUILTIN_TASK_ENV\",\"_value\":\"\",\"_valueType\":\"string\",\"_hash\":\"cdcdc2ec8062ca9ec1de46dbf2bbc053\"}"},{"dataType":"ValueEntry","value":"{\"_name\":\"BUILTIN_TASK_TOOLCHAIN\",\"_value\":\"\",\"_valueType\":\"string\",\"_hash\":\"e7f94a9422a8bc317a7d90b58efcb5f6\"}"},{"dataType":"ValueEntry","value":"{\"_name\":\"resConfigJsonContent\",\"_value\":\"{\\\"configPath\\\":\\\"C:\\\\\\\\Users\\\\\\\\IceyFox\\\\\\\\Desktop\\\\\\\\Harmony\\\\\\\\ArkTSComponents\\\\\\\\entry\\\\\\\\build\\\\\\\\default\\\\\\\\intermediates\\\\\\\\process_profile\\\\\\\\default\\\\\\\\module.json\\\",\\\"packageName\\\":\\\"com.example.component\\\",\\\"output\\\":\\\"C:\\\\\\\\Users\\\\\\\\IceyFox\\\\\\\\Desktop\\\\\\\\Harmony\\\\\\\\ArkTSComponents\\\\\\\\entry\\\\\\\\build\\\\\\\\default\\\\\\\\intermediates\\\\\\\\res\\\\\\\\default\\\",\\\"moduleNames\\\":\\\"entry\\\",\\\"ResourceTable\\\":[\\\"C:\\\\\\\\Users\\\\\\\\IceyFox\\\\\\\\Desktop\\\\\\\\Harmony\\\\\\\\ArkTSComponents\\\\\\\\entry\\\\\\\\build\\\\\\\\default\\\\\\\\generated\\\\\\\\r\\\\\\\\default\\\\\\\\ResourceTable.h\\\"],\\\"applicationResource\\\":\\\"C:\\\\\\\\Users\\\\\\\\IceyFox\\\\\\\\Desktop\\\\\\\\Harmony\\\\\\\\ArkTSComponents\\\\\\\\AppScope\\\\\\\\resources\\\",\\\"moduleResources\\\":[\\\"C:\\\\\\\\Users\\\\\\\\IceyFox\\\\\\\\Desktop\\\\\\\\Harmony\\\\\\\\ArkTSComponents\\\\\\\\entry\\\\\\\\src\\\\\\\\main\\\\\\\\resources\\\"],\\\"dependencies\\\":[]}\",\"_valueType\":\"string\",\"_hash\":\"bf04bd922145ca73215a79c7ef0e3de7\"}"}],"_successful":true,"_projectName":"ArkTSComponents","_moduleName":"entry","_taskName":"default@ProcessResource","_key":":ArkTSComponents:entry:default@ProcessResource","_executionId":":ArkTSComponents:entry:default@ProcessResource:1718118914061","_inputFiles":{"dataType":"Map","value":[]},"_outputFiles":{"dataType":"Map","value":[["C:\\Users\\IceyFox\\Desktop\\Harmony\\ArkTSComponents\\entry\\build\\default\\intermediates\\res\\default\\resConfig.json",{"isDirectory":false,"fileSnapShotHashValue":"ab8721c23ede42bf889b985ccce0423f"}]]}},":ArkTSComponents:entry:default@ProcessLibs":{"_inputs":[{"dataType":"ValueEntry","value":"{\"_name\":\"BUILTIN_TASK_COMMAND\",\"_value\":\"\",\"_valueType\":\"string\",\"_hash\":\"0b5d05294fdf4e78e8482ef53eb64ac0\"}"},{"dataType":"ValueEntry","value":"{\"_name\":\"BUILTIN_TASK_ENV\",\"_value\":\"\",\"_valueType\":\"string\",\"_hash\":\"cdcdc2ec8062ca9ec1de46dbf2bbc053\"}"},{"dataType":"ValueEntry","value":"{\"_name\":\"BUILTIN_TASK_TOOLCHAIN\",\"_value\":\"\",\"_valueType\":\"string\",\"_hash\":\"e7f94a9422a8bc317a7d90b58efcb5f6\"}"}],"_successful":true,"_projectName":"ArkTSComponents","_moduleName":"entry","_taskName":"default@ProcessLibs","_key":":ArkTSComponents:entry:default@ProcessLibs","_executionId":":ArkTSComponents:entry:default@ProcessLibs:1718118914063","_inputFiles":{"dataType":"Map","value":[]},"_outputFiles":{"dataType":"Map","value":[["C:\\Users\\IceyFox\\Desktop\\Harmony\\ArkTSComponents\\entry\\build\\default\\intermediates\\libs\\default",{"isDirectory":true,"fileSnapShotHashValue":""}]]}},":ArkTSComponents:entry:default@CompileResource":{"_inputs":[{"dataType":"ValueEntry","value":"{\"_name\":\"TARGET_CONFIG\",\"_value\":\"{\\\"name\\\":\\\"default\\\",\\\"runtimeOS\\\":\\\"HarmonyOS\\\"}\",\"_valueType\":\"string\"}"},{"dataType":"ValueEntry","value":"{\"_name\":\"BUILTIN_TASK_COMMAND\",\"_value\":\"E:\\\\Code\\\\Huawei\\\\SDK\\\\openharmony\\\\9\\\\toolchains\\\\restool.exe,-l,C:\\\\Users\\\\IceyFox\\\\Desktop\\\\Harmony\\\\ArkTSComponents\\\\entry\\\\build\\\\default\\\\intermediates\\\\res\\\\default\\\\resConfig.json\",\"_valueType\":\"string\"}"},{"dataType":"ValueEntry","value":"{\"_name\":\"BUILTIN_TASK_TOOLCHAIN\",\"_value\":\"E:\\\\Code\\\\Huawei\\\\SDK\\\\openharmony\\\\9\\\\toolchains\\\\restool.exe\",\"_valueType\":\"string\"}"},{"dataType":"ValueEntry","value":"{\"_name\":\"BUILTIN_TASK_ENV\",\"_value\":\"\",\"_valueType\":\"string\"}"}],"_successful":true,"_projectName":"ArkTSComponents","_moduleName":"entry","_taskName":"default@CompileResource","_key":":ArkTSComponents:entry:default@CompileResource","_executionId":":ArkTSComponents:entry:default@CompileResource:1718932094293","_inputFiles":{"dataType":"Map","value":[["C:\\Users\\IceyFox\\Desktop\\Harmony\\ArkTSComponents\\entry\\src\\main\\resources",{"fileSnapShotHashValue":"699e193e6a2a451720f3ea4278e5202e"}],["C:\\Users\\IceyFox\\Desktop\\Harmony\\ArkTSComponents\\AppScope\\resources",{"fileSnapShotHashValue":"4c51b07544c3ad49a923a28e227cd6d8"}],["C:\\Users\\IceyFox\\Desktop\\Harmony\\ArkTSComponents\\entry\\build\\default\\intermediates\\process_profile\\default\\module.json",{"isDirectory":false,"fileSnapShotHashValue":"f548468bccba462877f413f4412f0c95"}],["C:\\Users\\IceyFox\\Desktop\\Harmony\\ArkTSComponents\\entry\\build\\default\\intermediates\\res\\default\\resConfig.json",{"isDirectory":false,"fileSnapShotHashValue":"ab8721c23ede42bf889b985ccce0423f"}]]},"_outputFiles":{"dataType":"Map","value":[["C:\\Users\\IceyFox\\Desktop\\Harmony\\ArkTSComponents\\entry\\build\\default\\intermediates\\res\\default",{"isDirectory":true,"fileSnapShotHashValue":"ad7c6460b43ecdb7cff439f9987b0520"}],["C:\\Users\\IceyFox\\Desktop\\Harmony\\ArkTSComponents\\entry\\build\\default\\generated\\r\\default\\ResourceTable.h",{"isDirectory":false,"fileSnapShotHashValue":"669d8ee8603e863830c3e0cae107635e"}],["C:\\Users\\IceyFox\\Desktop\\Harmony\\ArkTSComponents\\entry\\build\\default\\generated\\r\\default",{"isDirectory":true,"fileSnapShotHashValue":"ec1db1b4c505b4157bc7ec09150f696b"}]]}},":ArkTSComponents:entry:default@CompileArkTS":{"_inputs":[{"dataType":"ValueEntry","value":"{\"_name\":\"debuggable\",\"_value\":true,\"_valueType\":\"boolean\"}"},{"dataType":"ValueEntry","value":"{\"_name\":\"isArk\",\"_value\":true,\"_valueType\":\"boolean\"}"},{"dataType":"ValueEntry","value":"{\"_name\":\"needCoverageInsert\",\"_value\":false,\"_valueType\":\"boolean\"}"},{"dataType":"ValueEntry","value":"{\"_name\":\"arkTsWdiget\",\"_value\":false,\"_valueType\":\"boolean\"}"},{"dataType":"ValueEntry","value":"{\"_name\":\"BUILTIN_TASK_COMMAND\",\"_value\":\"\",\"_valueType\":\"string\"}"},{"dataType":"ValueEntry","value":"{\"_name\":\"BUILTIN_TASK_TOOLCHAIN\",\"_value\":\"\",\"_valueType\":\"string\"}"},{"dataType":"ValueEntry","value":"{\"_name\":\"BUILTIN_TASK_ENV\",\"_value\":\"\",\"_valueType\":\"string\"}"}],"_successful":true,"_projectName":"ArkTSComponents","_moduleName":"entry","_taskName":"default@CompileArkTS","_key":":ArkTSComponents:entry:default@CompileArkTS","_executionId":":ArkTSComponents:entry:default@CompileArkTS:1718932094606","_inputFiles":{"dataType":"Map","value":[["C:\\Users\\IceyFox\\Desktop\\Harmony\\ArkTSComponents\\entry\\build\\default\\intermediates\\loader\\default",{"isDirectory":true,"fileSnapShotHashValue":"6557f925211e93808f501377d3209870"}],["C:\\Users\\IceyFox\\Desktop\\Harmony\\ArkTSComponents\\entry\\build\\default\\intermediates\\res\\default\\ResourceTable.txt",{"fileSnapShotHashValue":"643d12d4f9de94ae12ed28aea9d7fd03"}],["C:\\Users\\IceyFox\\Desktop\\Harmony\\ArkTSComponents\\entry\\build\\default\\intermediates\\res\\default\\module.json",{"fileSnapShotHashValue":"80f36df95ae09ca41a990531c662b4e1"}],["C:\\Users\\IceyFox\\Desktop\\Harmony\\ArkTSComponents\\entry\\build\\default\\intermediates\\res\\default\\resources\\base\\profile",{"isDirectory":true,"fileSnapShotHashValue":"0fd7f3c3c96f7c812caa87f711bf54f0"}],["C:\\Users\\IceyFox\\Desktop\\Harmony\\ArkTSComponents\\entry\\src\\main\\ets",{"isDirectory":true,"fileSnapShotHashValue":"66a523315528be08048cb1b9f00256bc"}]]},"_outputFiles":{"dataType":"Map","value":[["C:\\Users\\IceyFox\\Desktop\\Harmony\\ArkTSComponents\\entry\\build\\default\\intermediates\\loader_out\\default\\ets",{"isDirectory":true,"fileSnapShotHashValue":"2f940944512440983e6b7a48d0476ab2"}]]}},":ArkTSComponents:entry:default@CompileJS":{"_inputs":[{"dataType":"ValueEntry","value":"{\"_name\":\"debuggable\",\"_value\":true,\"_valueType\":\"boolean\"}"},{"dataType":"ValueEntry","value":"{\"_name\":\"isArk\",\"_value\":true,\"_valueType\":\"boolean\"}"},{"dataType":"ValueEntry","value":"{\"_name\":\"needCoverageInsert\",\"_value\":false,\"_valueType\":\"boolean\"}"},{"dataType":"ValueEntry","value":"{\"_name\":\"BUILTIN_TASK_COMMAND\",\"_value\":\"\",\"_valueType\":\"string\"}"},{"dataType":"ValueEntry","value":"{\"_name\":\"BUILTIN_TASK_TOOLCHAIN\",\"_value\":\"\",\"_valueType\":\"string\"}"},{"dataType":"ValueEntry","value":"{\"_name\":\"BUILTIN_TASK_ENV\",\"_value\":\"\",\"_valueType\":\"string\"}"}],"_successful":true,"_projectName":"ArkTSComponents","_moduleName":"entry","_taskName":"default@CompileJS","_key":":ArkTSComponents:entry:default@CompileJS","_executionId":":ArkTSComponents:entry:default@CompileJS:1718932094620","_inputFiles":{"dataType":"Map","value":[["C:\\Users\\IceyFox\\Desktop\\Harmony\\ArkTSComponents\\entry\\build\\default\\intermediates\\loader\\default",{"isDirectory":true,"fileSnapShotHashValue":"6557f925211e93808f501377d3209870"}],["C:\\Users\\IceyFox\\Desktop\\Harmony\\ArkTSComponents\\entry\\build\\default\\intermediates\\res\\default\\ResourceTable.txt",{"fileSnapShotHashValue":"643d12d4f9de94ae12ed28aea9d7fd03"}],["C:\\Users\\IceyFox\\Desktop\\Harmony\\ArkTSComponents\\entry\\build\\default\\intermediates\\res\\default\\module.json",{"fileSnapShotHashValue":"80f36df95ae09ca41a990531c662b4e1"}],["C:\\Users\\IceyFox\\Desktop\\Harmony\\ArkTSComponents\\entry\\build\\default\\intermediates\\res\\default\\resources\\base\\profile",{"isDirectory":true,"fileSnapShotHashValue":"0fd7f3c3c96f7c812caa87f711bf54f0"}]]},"_outputFiles":{"dataType":"Map","value":[["C:\\Users\\IceyFox\\Desktop\\Harmony\\ArkTSComponents\\entry\\build\\default\\intermediates\\loader_out\\default\\js",{"isDirectory":true,"fileSnapShotHashValue":""}]]}},":ArkTSComponents:entry:default@PackageHap":{"_inputs":[{"dataType":"ValueEntry","value":"{\"_name\":\"hotReload\",\"_value\":false,\"_valueType\":\"boolean\"}"},{"dataType":"ValueEntry","value":"{\"_name\":\"BUILTIN_TASK_COMMAND\",\"_value\":\"java,-Dfile.encoding=utf-8,-jar,E:\\\\Code\\\\Huawei\\\\SDK\\\\openharmony\\\\9\\\\toolchains\\\\lib\\\\app_packing_tool.jar,--mode,hap,--force,true,--lib-path,C:\\\\Users\\\\IceyFox\\\\Desktop\\\\Harmony\\\\ArkTSComponents\\\\entry\\\\build\\\\default\\\\intermediates\\\\libs\\\\default,--json-path,C:\\\\Users\\\\IceyFox\\\\Desktop\\\\Harmony\\\\ArkTSComponents\\\\entry\\\\build\\\\default\\\\intermediates\\\\res\\\\default\\\\module.json,--resources-path,C:\\\\Users\\\\IceyFox\\\\Desktop\\\\Harmony\\\\ArkTSComponents\\\\entry\\\\build\\\\default\\\\intermediates\\\\res\\\\default\\\\resources,--index-path,C:\\\\Users\\\\IceyFox\\\\Desktop\\\\Harmony\\\\ArkTSComponents\\\\entry\\\\build\\\\default\\\\intermediates\\\\res\\\\default\\\\resources.index,--pack-info-path,C:\\\\Users\\\\IceyFox\\\\Desktop\\\\Harmony\\\\ArkTSComponents\\\\entry\\\\build\\\\default\\\\outputs\\\\default\\\\pack.info,--out-path,C:\\\\Users\\\\IceyFox\\\\Desktop\\\\Harmony\\\\ArkTSComponents\\\\entry\\\\build\\\\default\\\\outputs\\\\default\\\\entry-default-unsigned.hap,--ets-path,C:\\\\Users\\\\IceyFox\\\\Desktop\\\\Harmony\\\\ArkTSComponents\\\\entry\\\\build\\\\default\\\\intermediates\\\\loader_out\\\\default\\\\ets\",\"_valueType\":\"string\"}"},{"dataType":"ValueEntry","value":"{\"_name\":\"BUILTIN_TASK_TOOLCHAIN\",\"_value\":\"E:\\\\Code\\\\Huawei\\\\SDK\\\\openharmony\\\\9\\\\toolchains\\\\lib\\\\app_packing_tool.jar\",\"_valueType\":\"string\"}"},{"dataType":"ValueEntry","value":"{\"_name\":\"BUILTIN_TASK_ENV\",\"_value\":\"\",\"_valueType\":\"string\"}"}],"_successful":true,"_projectName":"ArkTSComponents","_moduleName":"entry","_taskName":"default@PackageHap","_key":":ArkTSComponents:entry:default@PackageHap","_executionId":":ArkTSComponents:entry:default@PackageHap:1718932106808","_inputFiles":{"dataType":"Map","value":[["C:\\Users\\IceyFox\\Desktop\\Harmony\\ArkTSComponents\\entry\\build\\default\\intermediates\\libs\\default",{"isDirectory":false,"fileSnapShotHashValue":""}],["C:\\Users\\IceyFox\\Desktop\\Harmony\\ArkTSComponents\\entry\\build\\default\\intermediates\\res\\default\\module.json",{"isDirectory":false,"fileSnapShotHashValue":"80f36df95ae09ca41a990531c662b4e1"}],["C:\\Users\\IceyFox\\Desktop\\Harmony\\ArkTSComponents\\entry\\build\\default\\intermediates\\res\\default\\resources",{"isDirectory":false,"fileSnapShotHashValue":"89def2ce97fb2139519828ae8c83fb9a"}],["C:\\Users\\IceyFox\\Desktop\\Harmony\\ArkTSComponents\\entry\\build\\default\\intermediates\\res\\default\\resources.index",{"isDirectory":false,"fileSnapShotHashValue":"5604124b76f155f63c5df41bc7406073"}],["C:\\Users\\IceyFox\\Desktop\\Harmony\\ArkTSComponents\\entry\\build\\default\\outputs\\default\\pack.info",{"isDirectory":false,"fileSnapShotHashValue":"ab9c78d3f03116fe6f7a94b3bc24bd7f"}],["C:\\Users\\IceyFox\\Desktop\\Harmony\\ArkTSComponents\\entry\\build\\default\\intermediates\\loader_out\\default\\ets",{"isDirectory":false,"fileSnapShotHashValue":"2f940944512440983e6b7a48d0476ab2"}]]},"_outputFiles":{"dataType":"Map","value":[["C:\\Users\\IceyFox\\Desktop\\Harmony\\ArkTSComponents\\entry\\build\\default\\outputs\\default\\entry-default-unsigned.hap",{"isDirectory":false,"fileSnapShotHashValue":"56d1827b14b8a6d8000da09eda7395cb"}]]}},":ArkTSComponents:entry:default@SignHap":{"_inputs":[{"dataType":"ValueEntry","value":"{\"_name\":\"sdkToolchainsComponentVersion\",\"_value\":\"3.2.12.5\",\"_valueType\":\"string\"}"},{"dataType":"ValueEntry","value":"{\"_name\":\"existSigningConfig\",\"_value\":false,\"_valueType\":\"boolean\"}"},{"dataType":"ValueEntry","value":"{\"_name\":\"BUILTIN_TASK_COMMAND\",\"_value\":\"\",\"_valueType\":\"string\"}"},{"dataType":"ValueEntry","value":"{\"_name\":\"BUILTIN_TASK_TOOLCHAIN\",\"_value\":\"\",\"_valueType\":\"string\"}"},{"dataType":"ValueEntry","value":"{\"_name\":\"BUILTIN_TASK_ENV\",\"_value\":\"\",\"_valueType\":\"string\"}"}],"_successful":true,"_projectName":"ArkTSComponents","_moduleName":"entry","_taskName":"default@SignHap","_key":":ArkTSComponents:entry:default@SignHap","_executionId":":ArkTSComponents:entry:default@SignHap:1718932111448","_inputFiles":{"dataType":"Map","value":[["C:\\Users\\IceyFox\\Desktop\\Harmony\\ArkTSComponents\\entry\\build\\default\\outputs\\default\\entry-default-unsigned.hap",{"isDirectory":false,"fileSnapShotHashValue":"56d1827b14b8a6d8000da09eda7395cb"}]]},"_outputFiles":{"dataType":"Map","value":[["C:\\Users\\IceyFox\\Desktop\\Harmony\\ArkTSComponents\\entry\\build\\default\\outputs\\default\\entry-default-signed.hap",{"isDirectory":false,"fileSnapShotHashValue":""}]]}},":ArkTSComponents:entry:default@PreviewProcessResource":{"_inputs":[{"dataType":"ValueEntry","value":"{\"_name\":\"previewCompileResourcesCommand\",\"_value\":\"{\\\"commandList\\\":[\\\"E:\\\\\\\\Code\\\\\\\\Huawei\\\\\\\\SDK\\\\\\\\openharmony\\\\\\\\9\\\\\\\\toolchains\\\\\\\\restool.exe\\\",\\\"-m\\\",\\\"entry\\\",\\\"-f\\\",\\\"-j\\\",\\\"C:\\\\\\\\Users\\\\\\\\IceyFox\\\\\\\\Desktop\\\\\\\\Harmony\\\\\\\\ArkTSComponents\\\\\\\\entry\\\\\\\\.preview\\\\\\\\default\\\\\\\\intermediates\\\\\\\\process_profile\\\\\\\\default\\\\\\\\module.json\\\",\\\"-p\\\",\\\"com.example.component\\\",\\\"-o\\\",\\\"C:\\\\\\\\Users\\\\\\\\IceyFox\\\\\\\\Desktop\\\\\\\\Harmony\\\\\\\\ArkTSComponents\\\\\\\\entry\\\\\\\\.preview\\\\\\\\default\\\\\\\\intermediates\\\\\\\\res\\\\\\\\default\\\",\\\"-r\\\",\\\"C:\\\\\\\\Users\\\\\\\\IceyFox\\\\\\\\Desktop\\\\\\\\Harmony\\\\\\\\ArkTSComponents\\\\\\\\entry\\\\\\\\.preview\\\\\\\\default\\\\\\\\generated\\\\\\\\r\\\\\\\\default\\\\\\\\ResourceTable.h\\\"],\\\"inputFiles\\\":{\\\"_group\\\":{}},\\\"outputFiles\\\":{\\\"_group\\\":{}},\\\"existsResourceDir\\\":true,\\\"restoolLinkParamObj\\\":{\\\"appScopeResources\\\":\\\"C:\\\\\\\\Users\\\\\\\\IceyFox\\\\\\\\Desktop\\\\\\\\Harmony\\\\\\\\ArkTSComponents\\\\\\\\AppScope\\\\\\\\resources\\\",\\\"moduleResourcesMap\\\":{},\\\"harResourcesMap\\\":{},\\\"outputPath\\\":\\\"C:\\\\\\\\Users\\\\\\\\IceyFox\\\\\\\\Desktop\\\\\\\\Harmony\\\\\\\\ArkTSComponents\\\\\\\\entry\\\\\\\\.preview\\\\\\\\default\\\\\\\\intermediates\\\\\\\\res\\\\\\\\default\\\",\\\"linkCommand\\\":[\\\"E:\\\\\\\\Code\\\\\\\\Huawei\\\\\\\\SDK\\\\\\\\openharmony\\\\\\\\9\\\\\\\\toolchains\\\\\\\\restool.exe\\\",\\\"-m\\\",\\\"entry\\\",\\\"-f\\\",\\\"-j\\\",\\\"C:\\\\\\\\Users\\\\\\\\IceyFox\\\\\\\\Desktop\\\\\\\\Harmony\\\\\\\\ArkTSComponents\\\\\\\\entry\\\\\\\\.preview\\\\\\\\default\\\\\\\\intermediates\\\\\\\\process_profile\\\\\\\\default\\\\\\\\module.json\\\",\\\"-p\\\",\\\"com.example.component\\\",\\\"-r\\\",\\\"C:\\\\\\\\Users\\\\\\\\IceyFox\\\\\\\\Desktop\\\\\\\\Harmony\\\\\\\\ArkTSComponents\\\\\\\\entry\\\\\\\\.preview\\\\\\\\default\\\\\\\\generated\\\\\\\\r\\\\\\\\default\\\\\\\\ResourceTable.h\\\",\\\"-z\\\"]}}\",\"_valueType\":\"string\"}"},{"dataType":"ValueEntry","value":"{\"_name\":\"BUILTIN_TASK_COMMAND\",\"_value\":\"\",\"_valueType\":\"string\"}"},{"dataType":"ValueEntry","value":"{\"_name\":\"BUILTIN_TASK_TOOLCHAIN\",\"_value\":\"\",\"_valueType\":\"string\"}"},{"dataType":"ValueEntry","value":"{\"_name\":\"BUILTIN_TASK_ENV\",\"_value\":\"\",\"_valueType\":\"string\"}"}],"_successful":true,"_projectName":"ArkTSComponents","_moduleName":"entry","_taskName":"default@PreviewProcessResource","_key":":ArkTSComponents:entry:default@PreviewProcessResource","_executionId":":ArkTSComponents:entry:default@PreviewProcessResource:1718905094777","_inputFiles":{"dataType":"Map","value":[]},"_outputFiles":{"dataType":"Map","value":[["{\"commandList\":[\"E:\\\\Code\\\\Huawei\\\\SDK\\\\openharmony\\\\9\\\\toolchains\\\\restool.exe\",\"-m\",\"entry\",\"-f\",\"-j\",\"C:\\\\Users\\\\IceyFox\\\\Desktop\\\\Harmony\\\\ArkTSComponents\\\\entry\\\\.preview\\\\default\\\\intermediates\\\\process_profile\\\\default\\\\module.json\",\"-p\",\"com.example.component\",\"-o\",\"C:\\\\Users\\\\IceyFox\\\\Desktop\\\\Harmony\\\\ArkTSComponents\\\\entry\\\\.preview\\\\default\\\\intermediates\\\\res\\\\default\",\"-r\",\"C:\\\\Users\\\\IceyFox\\\\Desktop\\\\Harmony\\\\ArkTSComponents\\\\entry\\\\.preview\\\\default\\\\generated\\\\r\\\\default\\\\ResourceTable.h\"],\"inputFiles\":{\"_group\":{}},\"outputFiles\":{\"_group\":{}},\"existsResourceDir\":true,\"restoolLinkParamObj\":{\"appScopeResources\":\"C:\\\\Users\\\\IceyFox\\\\Desktop\\\\Harmony\\\\ArkTSComponents\\\\AppScope\\\\resources\",\"moduleResourcesMap\":{},\"harResourcesMap\":{},\"outputPath\":\"C:\\\\Users\\\\IceyFox\\\\Desktop\\\\Harmony\\\\ArkTSComponents\\\\entry\\\\.preview\\\\default\\\\intermediates\\\\res\\\\default\",\"linkCommand\":[\"E:\\\\Code\\\\Huawei\\\\SDK\\\\openharmony\\\\9\\\\toolchains\\\\restool.exe\",\"-m\",\"entry\",\"-f\",\"-j\",\"C:\\\\Users\\\\IceyFox\\\\Desktop\\\\Harmony\\\\ArkTSComponents\\\\entry\\\\.preview\\\\default\\\\intermediates\\\\process_profile\\\\default\\\\module.json\",\"-p\",\"com.example.component\",\"-r\",\"C:\\\\Users\\\\IceyFox\\\\Desktop\\\\Harmony\\\\ArkTSComponents\\\\entry\\\\.preview\\\\default\\\\generated\\\\r\\\\default\\\\ResourceTable.h\",\"-z\"]}}",{"isDirectory":false,"fileSnapShotHashValue":""}]]}},":ArkTSComponents:entry:default@PreviewCompileResource":{"_inputs":[{"dataType":"ValueEntry","value":"{\"_name\":\"BUILTIN_TASK_COMMAND\",\"_value\":\"\",\"_valueType\":\"string\"}"},{"dataType":"ValueEntry","value":"{\"_name\":\"BUILTIN_TASK_ENV\",\"_value\":\"\",\"_valueType\":\"string\"}"},{"dataType":"ValueEntry","value":"{\"_name\":\"BUILTIN_TASK_TOOLCHAIN\",\"_value\":\"E:\\\\Code\\\\Huawei\\\\SDK\\\\openharmony\\\\9\\\\toolchains\\\\restool.exe\",\"_valueType\":\"string\"}"},{"dataType":"ValueEntry","value":"{\"_name\":\"PREVIEWER_REPLACE_PAGE\",\"_valueType\":\"undefined\"}"},{"dataType":"ValueEntry","value":"{\"_name\":\"PREVIEWER_REPLACE_SRCPATH\",\"_valueType\":\"undefined\"}"},{"dataType":"ValueEntry","value":"{\"_name\":\"TARGET_CONFIG\",\"_value\":\"{\\\"name\\\":\\\"default\\\",\\\"runtimeOS\\\":\\\"HarmonyOS\\\"}\",\"_valueType\":\"string\"}"}],"_successful":true,"_projectName":"ArkTSComponents","_moduleName":"entry","_taskName":"default@PreviewCompileResource","_key":":ArkTSComponents:entry:default@PreviewCompileResource","_executionId":":ArkTSComponents:entry:default@PreviewCompileResource:1718905008512","_inputFiles":{"dataType":"Map","value":[["C:\\Users\\IceyFox\\Desktop\\Harmony\\ArkTSComponents\\entry\\src\\main\\resources",{"fileSnapShotHashValue":"699e193e6a2a451720f3ea4278e5202e"}],["C:\\Users\\IceyFox\\Desktop\\Harmony\\ArkTSComponents\\AppScope\\resources",{"fileSnapShotHashValue":"4c51b07544c3ad49a923a28e227cd6d8"}],["C:\\Users\\IceyFox\\Desktop\\Harmony\\ArkTSComponents\\entry\\.preview\\default\\intermediates\\process_profile\\default\\module.json",{"isDirectory":false,"fileSnapShotHashValue":"dc5946be44945dae427dbf18599f5428"}]]},"_outputFiles":{"dataType":"Map","value":[["C:\\Users\\IceyFox\\Desktop\\Harmony\\ArkTSComponents\\entry\\.preview\\default\\intermediates\\res\\default",{"isDirectory":true,"fileSnapShotHashValue":"67f1219f58ef51df0469b9bc71db5ce5"}],["C:\\Users\\IceyFox\\Desktop\\Harmony\\ArkTSComponents\\entry\\.preview\\default\\generated\\r\\default\\ResourceTable.h",{"isDirectory":false,"fileSnapShotHashValue":"b9191364daf6c7d5aa91a8db99448151"}],["C:\\Users\\IceyFox\\Desktop\\Harmony\\ArkTSComponents\\entry\\.preview\\default\\generated\\r\\default",{"isDirectory":true,"fileSnapShotHashValue":"c4ea5b37ddf9f56c83c973cb7aff2075"}]]}},":ArkTSComponents:entry:default@PreviewUpdateAssets":{"_inputs":[{"dataType":"ValueEntry","value":"{\"_name\":\"BUILTIN_TASK_COMMAND\",\"_value\":\"\",\"_valueType\":\"string\"}"},{"dataType":"ValueEntry","value":"{\"_name\":\"BUILTIN_TASK_TOOLCHAIN\",\"_value\":\"\",\"_valueType\":\"string\"}"},{"dataType":"ValueEntry","value":"{\"_name\":\"BUILTIN_TASK_ENV\",\"_value\":\"\",\"_valueType\":\"string\"}"}],"_successful":true,"_projectName":"ArkTSComponents","_moduleName":"entry","_taskName":"default@PreviewUpdateAssets","_key":":ArkTSComponents:entry:default@PreviewUpdateAssets","_executionId":":ArkTSComponents:entry:default@PreviewUpdateAssets:1718905094822","_inputFiles":{"dataType":"Map","value":[["C:\\Users\\IceyFox\\Desktop\\Harmony\\ArkTSComponents\\entry\\.preview\\config\\buildConfig.json",{"isDirectory":false,"fileSnapShotHashValue":"7a570bd6b0f8043fdc41bb6a4a3af678"}]]},"_outputFiles":{"dataType":"Map","value":[["C:\\Users\\IceyFox\\Desktop\\Harmony\\ArkTSComponents\\entry\\.preview\\default\\intermediates\\res\\default\\module.json",{"isDirectory":false,"fileSnapShotHashValue":"2fc7f7c3d6f72af60773bdbff48c2edb"}],["C:\\Users\\IceyFox\\Desktop\\Harmony\\ArkTSComponents\\entry\\.preview\\default\\intermediates\\res\\default\\resources\\base\\profile\\main_pages.json",{"isDirectory":false,"fileSnapShotHashValue":"ed43f02cf907798ac022d8cd62e2b044"}]]}},":ArkTSComponents:entry:default@PreviewArkTS":{"_inputs":[{"dataType":"ValueEntry","value":"{\"_name\":\"debuggable\",\"_value\":true,\"_valueType\":\"boolean\"}"},{"dataType":"ValueEntry","value":"{\"_name\":\"isArk\",\"_value\":true,\"_valueType\":\"boolean\"}"},{"dataType":"ValueEntry","value":"{\"_name\":\"needCoverageInsert\",\"_value\":false,\"_valueType\":\"boolean\"}"},{"dataType":"ValueEntry","value":"{\"_name\":\"arkTsWdiget\",\"_value\":false,\"_valueType\":\"boolean\"}"},{"dataType":"ValueEntry","value":"{\"_name\":\"BUILTIN_TASK_COMMAND\",\"_value\":\"\",\"_valueType\":\"string\"}"},{"dataType":"ValueEntry","value":"{\"_name\":\"BUILTIN_TASK_TOOLCHAIN\",\"_value\":\"\",\"_valueType\":\"string\"}"},{"dataType":"ValueEntry","value":"{\"_name\":\"BUILTIN_TASK_ENV\",\"_value\":\"\",\"_valueType\":\"string\"}"}],"_successful":true,"_projectName":"ArkTSComponents","_moduleName":"entry","_taskName":"default@PreviewArkTS","_key":":ArkTSComponents:entry:default@PreviewArkTS","_executionId":":ArkTSComponents:entry:default@PreviewArkTS:1718905094825","_inputFiles":{"dataType":"Map","value":[["C:\\Users\\IceyFox\\Desktop\\Harmony\\ArkTSComponents\\entry\\.preview\\default\\intermediates\\loader\\default",{"isDirectory":true,"fileSnapShotHashValue":"56b59bcf92b9091d37313e7a4daaf092"}],["C:\\Users\\IceyFox\\Desktop\\Harmony\\ArkTSComponents\\entry\\.preview\\default\\intermediates\\res\\default\\ResourceTable.txt",{"fileSnapShotHashValue":"ffd7a659f512b8ebe5867f23a6d4ae7b"}],["C:\\Users\\IceyFox\\Desktop\\Harmony\\ArkTSComponents\\entry\\.preview\\default\\intermediates\\res\\default\\module.json",{"fileSnapShotHashValue":"2fc7f7c3d6f72af60773bdbff48c2edb"}],["C:\\Users\\IceyFox\\Desktop\\Harmony\\ArkTSComponents\\entry\\.preview\\default\\intermediates\\res\\default\\resources\\base\\profile",{"isDirectory":true,"fileSnapShotHashValue":"66e3e86e6b6afcb610c1679db4273d66"}],["C:\\Users\\IceyFox\\Desktop\\Harmony\\ArkTSComponents\\entry\\src\\main\\ets",{"isDirectory":true,"fileSnapShotHashValue":"66a523315528be08048cb1b9f00256bc"}]]},"_outputFiles":{"dataType":"Map","value":[["C:\\Users\\IceyFox\\Desktop\\Harmony\\ArkTSComponents\\entry\\.preview\\default\\intermediates\\loader_out\\default\\ets",{"isDirectory":true,"fileSnapShotHashValue":""}]]}}}