{"deviceType":"phone","checkEntry":"true","localPropertiesPath":"C:\\Users\\IceyFox\\Desktop\\Harmony\\ArkTSComponents\\local.properties","Path":"E:\\Code\\Huawei\\node.js\\","note":"false","aceProfilePath":"C:\\Users\\IceyFox\\Desktop\\Harmony\\ArkTSComponents\\entry\\.preview\\default\\intermediates\\res\\default\\resources\\base\\profile","isPreview":"true","hapMode":"false","buildMode":"debug","img2bin":"true","projectProfilePath":"C:\\Users\\IceyFox\\Desktop\\Harmony\\ArkTSComponents\\build-profile.json5","watchMode":"true","appResource":"C:\\Users\\IceyFox\\Desktop\\Harmony\\ArkTSComponents\\entry\\.preview\\default\\intermediates\\res\\default\\ResourceTable.txt","logLevel":"3","stageRouterConfig":{"contents":["{\"module\":{\"pages\":\"$profile:main_pages\",\"name\":\"entry\"}}","{\"src\":[\"pages/LoginPage\",\"pages/MainPage\",\"pages/Register\",\"pages/NoteMain\"]}"],"paths":["C:\\Users\\IceyFox\\Desktop\\Harmony\\ArkTSComponents\\entry\\.preview\\default\\intermediates\\res\\default\\module.json","C:\\Users\\IceyFox\\Desktop\\Harmony\\ArkTSComponents\\entry\\.preview\\default\\intermediates\\res\\default\\resources\\base\\profile\\main_pages.json"]},"port":"29900","aceBuildJson":"C:\\Users\\IceyFox\\Desktop\\Harmony\\ArkTSComponents\\entry\\.preview\\default\\intermediates\\loader\\default\\loader.json","aceModuleRoot":"C:\\Users\\IceyFox\\Desktop\\Harmony\\ArkTSComponents\\entry\\src\\main\\ets","aceSoPath":"C:\\Users\\IceyFox\\Desktop\\Harmony\\ArkTSComponents\\entry\\.preview\\cache\\nativeDependencies.txt","cachePath":"C:\\Users\\IceyFox\\Desktop\\Harmony\\ArkTSComponents\\entry\\.preview\\cache","aceModuleBuild":"C:\\Users\\IceyFox\\Desktop\\Harmony\\ArkTSComponents\\entry\\.preview\\default\\intermediates\\assets\\default\\ets","aceSuperVisualPath":"C:\\Users\\IceyFox\\Desktop\\Harmony\\ArkTSComponents\\entry\\src\\main\\supervisual","aceModuleJsonPath":"C:\\Users\\IceyFox\\Desktop\\Harmony\\ArkTSComponents\\entry\\.preview\\default\\intermediates\\res\\default\\module.json"}