{
  "version": "1.0",
  "workerIdList": [
    -1,
    2,
    0
  ],
  "metrics": [
    {
      "type": "build_line",
      "endTime": 1718931569665,
      "status": "closed",
      "children": [],
      "name": "overallTime",
      "taskName": "init",
      "taskPath": "entry",
      "workerId": -1,
      "startTime": 1718931569664
    },
    {
      "type": "build_line",
      "endTime": 1718931569666,
      "status": "closed",
      "children": [],
      "name": "overallTime",
      "taskName": "init",
      "taskPath": "ArkTSComponents",
      "workerId": -1,
      "startTime": 1718931569666
    },
    {
      "type": "build_line",
      "endTime": 1718932094027,
      "status": "closed",
      "children": [],
      "name": "overallTime",
      "taskName": "default@PreBuild",
      "taskPath": "entry",
      "workerId": -1,
      "startTime": 1718932094023
    },
    {
      "type": "build_line",
      "endTime": 1718932094035,
      "status": "closed",
      "children": [],
      "name": "overallTime",
      "taskName": "default@GenerateMetadata",
      "taskPath": "entry",
      "workerId": -1,
      "startTime": 1718932094030
    },
    {
      "type": "build_line",
      "endTime": 1718932094040,
      "status": "closed",
      "children": [],
      "name": "overallTime",
      "taskName": "default@MergeProfile",
      "taskPath": "entry",
      "workerId": -1,
      "startTime": 1718932094037
    },
    {
      "type": "build_line",
      "endTime": 1718932094044,
      "status": "closed",
      "children": [],
      "name": "overallTime",
      "taskName": "default@BuildNativeWithCmake",
      "taskPath": "entry",
      "workerId": -1,
      "startTime": 1718932094044
    },
    {
      "type": "build_line",
      "endTime": 1718932094052,
      "status": "closed",
      "children": [],
      "name": "overallTime",
      "taskName": "default@GenerateLoaderJson",
      "taskPath": "entry",
      "workerId": -1,
      "startTime": 1718932094047
    },
    {
      "type": "build_line",
      "endTime": 1718932094059,
      "status": "closed",
      "children": [],
      "name": "overallTime",
      "taskName": "default@MakePackInfo",
      "taskPath": "entry",
      "workerId": -1,
      "startTime": 1718932094054
    },
    {
      "type": "build_line",
      "endTime": 1718932094281,
      "status": "closed",
      "children": [],
      "name": "overallTime",
      "taskName": "default@ProcessProfile",
      "taskPath": "entry",
      "workerId": -1,
      "startTime": 1718932094062
    },
    {
      "type": "build_line",
      "endTime": 1718932094283,
      "status": "closed",
      "children": [],
      "name": "overallTime",
      "taskName": "default@BuildNativeWithNinja",
      "taskPath": "entry",
      "workerId": -1,
      "startTime": 1718932094282
    },
    {
      "type": "build_line",
      "endTime": 1718932094290,
      "status": "closed",
      "children": [],
      "name": "overallTime",
      "taskName": "default@ProcessResource",
      "taskPath": "entry",
      "workerId": -1,
      "startTime": 1718932094284
    },
    {
      "type": "build_line",
      "endTime": 1718932094292,
      "status": "closed",
      "children": [],
      "name": "overallTime",
      "taskName": "default@ProcessLibs",
      "taskPath": "entry",
      "workerId": -1,
      "startTime": 1718932094291
    },
    {
      "type": "build_line",
      "endTime": 1718932094604,
      "status": "closed",
      "children": [],
      "name": "overallTime",
      "taskName": "default@CompileResource",
      "taskPath": "entry",
      "workerId": -1,
      "startTime": 1718932094293
    },
    {
      "type": "build_line",
      "endTime": 1718932094622,
      "status": "closed",
      "children": [],
      "name": "overallTime",
      "taskName": "default@CompileJS",
      "taskPath": "entry",
      "workerId": -1,
      "startTime": 1718932094619
    },
    {
      "type": "build_line",
      "endTime": 1718932106805,
      "status": "closed",
      "children": [],
      "name": "overallTime",
      "taskName": "default@CompileArkTS",
      "taskPath": "entry",
      "workerId": 2,
      "startTime": 1718932094618
    },
    {
      "type": "default",
      "endTime": 1718932106805,
      "status": "closed",
      "children": [
        {
          "type": "build_line",
          "endTime": 1718932106805,
          "status": "closed",
          "children": [],
          "name": "overallTime",
          "taskName": "default@CompileArkTS",
          "taskPath": "entry",
          "workerId": 2,
          "startTime": 1718932094618
        }
      ],
      "name": "overallTime",
      "taskName": "default@CompileArkTS",
      "taskPath": "entry",
      "workerId": -1,
      "startTime": 1718932094605
    },
    {
      "type": "build_line",
      "endTime": 1718932111445,
      "status": "closed",
      "children": [],
      "name": "overallTime",
      "taskName": "default@PackageHap",
      "taskPath": "entry",
      "workerId": 0,
      "startTime": 1718932106816
    },
    {
      "type": "default",
      "endTime": 1718932111446,
      "status": "closed",
      "children": [
        {
          "type": "build_line",
          "endTime": 1718932111445,
          "status": "closed",
          "children": [],
          "name": "overallTime",
          "taskName": "default@PackageHap",
          "taskPath": "entry",
          "workerId": 0,
          "startTime": 1718932106816
        }
      ],
      "name": "overallTime",
      "taskName": "default@PackageHap",
      "taskPath": "entry",
      "workerId": -1,
      "startTime": 1718932106807
    },
    {
      "type": "build_line",
      "endTime": 1718932111449,
      "status": "closed",
      "children": [],
      "name": "overallTime",
      "taskName": "default@SignHap",
      "taskPath": "entry",
      "workerId": -1,
      "startTime": 1718932111447
    },
    {
      "type": "build_line",
      "endTime": 1718932111449,
      "status": "closed",
      "children": [],
      "name": "overallTime",
      "taskName": "assembleHap",
      "taskPath": "entry",
      "workerId": -1,
      "startTime": 1718932111449
    }
  ],
  "workLog": []
}